Country,Year,Debt service,Education expenditure,Health expenditure,source
Africa (median),2009,3.5700000000000003,17.488815307617152,6.14,International Debt Statistics (IDS) Database (December 2023)
Africa (median),2010,3.545,17.391508102417,6.309,International Debt Statistics (IDS) Database (December 2023)
Africa (median),2011,2.915,16.9037895202637,6.762,International Debt Statistics (IDS) Database (December 2023)
Africa (median),2012,3.41,16.4283199310303,6.109,International Debt Statistics (IDS) Database (December 2023)
Africa (median),2013,3.61,16.4074144363403,6.307,International Debt Statistics (IDS) Database (December 2023)
Africa (median),2014,3.96,16.5830993652344,6.385,International Debt Statistics (IDS) Database (December 2023)
Africa (median),2015,4.17,16.4153881072998,5.554,International Debt Statistics (IDS) Database (December 2023)
Africa (median),2016,4.72,15.978994846344,5.999,International Debt Statistics (IDS) Database (December 2023)
Africa (median),2017,5.75,16.47345542907715,6.45,International Debt Statistics (IDS) Database (December 2023)
Africa (median),2018,5.82,17.3072109222412,5.907,International Debt Statistics (IDS) Database (December 2023)
Africa (median),2019,6.28,15.1536998748779,6.149,International Debt Statistics (IDS) Database (December 2023)
Africa (median),2020,6.300000000000001,15.501787185668949,7.221,International Debt Statistics (IDS) Database (December 2023)
Africa (median),2021,7.2,15.57702922821045,7.333,International Debt Statistics (IDS) Database (December 2023)
Africa (median),2022,7.09,14.3321094512939,,International Debt Statistics (IDS) Database (December 2023)
Africa (median),2023,11.379999999999999,,,International Debt Statistics (IDS) Database (December 2023)
Africa (median),2024,12.04,,,International Debt Statistics (IDS) Database (December 2023)
Angola,2009,11.16,11.460000038147,5.778,International Debt Statistics (IDS) Database (December 2023)
Burundi,2009,1.79,16.3016891479492,5.478,International Debt Statistics (IDS) Database (December 2023)
Benin,2009,2.63,18.1756191253662,5.106,International Debt Statistics (IDS) Database (December 2023)
Burkina Faso,2009,2.17,,7.629,International Debt Statistics (IDS) Database (December 2023)
Botswana,2009,0.85,20.4773998260498,6.252,International Debt Statistics (IDS) Database (December 2023)
Central African Republic,2009,3.46,7.84172010421753,4.576,International Debt Statistics (IDS) Database (December 2023)
Cote d'Ivoire,2009,15.96,22.1895599365234,4.645,International Debt Statistics (IDS) Database (December 2023)
Cameroon,2009,3.43,19.7797908782959,3.047,International Debt Statistics (IDS) Database (December 2023)
DR Congo,2009,20.23,,2.499,International Debt Statistics (IDS) Database (December 2023)
Congo Republic,2009,7.34,,2.528,International Debt Statistics (IDS) Database (December 2023)
Comoros,2009,8.18,,2.775,International Debt Statistics (IDS) Database (December 2023)
Cabo Verde,2009,5.52,15.886549949646,8.309,International Debt Statistics (IDS) Database (December 2023)
Djibouti,2009,6.38,,6.14,International Debt Statistics (IDS) Database (December 2023)
Algeria,2009,0.77,,8.645,International Debt Statistics (IDS) Database (December 2023)
Egypt,2009,4.41,11.1726179122925,4.718,International Debt Statistics (IDS) Database (December 2023)
Eritrea,2009,3.71,,,International Debt Statistics (IDS) Database (December 2023)
Ethiopia,2009,1.93,23.5837497711182,5.3,International Debt Statistics (IDS) Database (December 2023)
Gabon,2009,15.33,,6.818,International Debt Statistics (IDS) Database (December 2023)
Ghana,2009,3.65,22.4951305389404,12.357,International Debt Statistics (IDS) Database (December 2023)
Guinea,2009,9.66,13.583399772644,1.602,International Debt Statistics (IDS) Database (December 2023)
Gambia,2009,9.13,13.293740272522,6.309,International Debt Statistics (IDS) Database (December 2023)
Guinea-Bissau,2009,10.59,,2.524,International Debt Statistics (IDS) Database (December 2023)
Kenya,2009,4.02,,7.201,International Debt Statistics (IDS) Database (December 2023)
Liberia,2009,3.81,,,International Debt Statistics (IDS) Database (December 2023)
Lesotho,2009,2.49,,7.323,International Debt Statistics (IDS) Database (December 2023)
Morocco,2009,6.19,17.2952899932861,7.565,International Debt Statistics (IDS) Database (December 2023)
Madagascar,2009,3.49,22.5858306884766,10.453,International Debt Statistics (IDS) Database (December 2023)
Mali,2009,2.9,16.9594097137451,2.926,International Debt Statistics (IDS) Database (December 2023)
Mozambique,2009,1.46,,4.965,International Debt Statistics (IDS) Database (December 2023)
Mauritania,2009,8.3,,4.476,International Debt Statistics (IDS) Database (December 2023)
Mauritius,2009,4.63,16.3327980041504,6.282,International Debt Statistics (IDS) Database (December 2023)
Malawi,2009,2.12,,5.232,International Debt Statistics (IDS) Database (December 2023)
Niger,2009,2.25,18.9125099182129,8.694,International Debt Statistics (IDS) Database (December 2023)
Nigeria,2009,0.93,,3.694,International Debt Statistics (IDS) Database (December 2023)
Rwanda,2009,0.87,,8.43,International Debt Statistics (IDS) Database (December 2023)
Sudan,2009,4.67,10.7818202972412,14.02,International Debt Statistics (IDS) Database (December 2023)
Senegal,2009,4.05,23.3004493713379,6.66,International Debt Statistics (IDS) Database (December 2023)
Sierra Leone,2009,1.66,15.8964595794678,5.606,International Debt Statistics (IDS) Database (December 2023)
Sao Tome and Principe,2009,2.15,20.5607795715332,3.272,International Debt Statistics (IDS) Database (December 2023)
Eswatini,2009,4.66,19.3863792419434,13.332,International Debt Statistics (IDS) Database (December 2023)
Chad,2009,2.66,9.54158973693848,3.837,International Debt Statistics (IDS) Database (December 2023)
Togo,2009,7.8,19.3719806671143,4.777,International Debt Statistics (IDS) Database (December 2023)
Tunisia,2009,16.44,25.2620105743408,12.075,International Debt Statistics (IDS) Database (December 2023)
Tanzania,2009,0.94,17.6823406219482,7.584,International Debt Statistics (IDS) Database (December 2023)
Uganda,2009,2.37,,7.032,International Debt Statistics (IDS) Database (December 2023)
South Africa,2009,3.38,17.235179901123,13.37,International Debt Statistics (IDS) Database (December 2023)
Zambia,2009,2.71,,9.366,International Debt Statistics (IDS) Database (December 2023)
Zimbabwe,2009,1.24,,,International Debt Statistics (IDS) Database (December 2023)
Angola,2010,6.94,8.68476963043213,4.25,International Debt Statistics (IDS) Database (December 2023)
Burundi,2010,0.47,16.5881004333496,4.861,International Debt Statistics (IDS) Database (December 2023)
Benin,2010,2.88,26.1439609527588,5.345,International Debt Statistics (IDS) Database (December 2023)
Burkina Faso,2010,2.21,16.1728191375732,6.032,International Debt Statistics (IDS) Database (December 2023)
Botswana,2010,1.4,23.5505275726318,8.061,International Debt Statistics (IDS) Database (December 2023)
Central African Republic,2010,0.81,6.47537994384766,3.342,International Debt Statistics (IDS) Database (December 2023)
Cote d'Ivoire,2010,9.97,22.7727508544922,4.062,International Debt Statistics (IDS) Database (December 2023)
Cameroon,2010,3.57,18.7538890838623,2.676,International Debt Statistics (IDS) Database (December 2023)
DR Congo,2010,6.21,9.57849979400635,2.499,International Debt Statistics (IDS) Database (December 2023)
Congo Republic,2010,3.93,24.7277793884277,3.602,International Debt Statistics (IDS) Database (December 2023)
Comoros,2010,3.57,,2.839,International Debt Statistics (IDS) Database (December 2023)
Cabo Verde,2010,5.02,14.2168998718262,7.229,International Debt Statistics (IDS) Database (December 2023)
Djibouti,2010,7.44,12.3283996582031,6.97,International Debt Statistics (IDS) Database (December 2023)
Algeria,2010,0.62,17.769157409668,9.188,International Debt Statistics (IDS) Database (December 2023)
Egypt,2010,4.03,11.3302068710327,4.362,International Debt Statistics (IDS) Database (December 2023)
Eritrea,2010,3.99,,,International Debt Statistics (IDS) Database (December 2023)
Ethiopia,2010,3.52,26.3040409088135,5.107,International Debt Statistics (IDS) Database (December 2023)
Gabon,2010,13.56,13.3304195404053,6.813,International Debt Statistics (IDS) Database (December 2023)
Ghana,2010,3.1,20.6961402893066,11.916,International Debt Statistics (IDS) Database (December 2023)
Guinea,2010,4.91,12.4383201599121,1.77,International Debt Statistics (IDS) Database (December 2023)
Gambia,2010,10.86,17.6112308502197,6.309,International Debt Statistics (IDS) Database (December 2023)
Guinea-Bissau,2010,5.56,9.06923961639404,2.524,International Debt Statistics (IDS) Database (December 2023)
Kenya,2010,3.58,,7.244,International Debt Statistics (IDS) Database (December 2023)
Liberia,2010,0.87,,,International Debt Statistics (IDS) Database (December 2023)
Lesotho,2010,2.09,,7.198,International Debt Statistics (IDS) Database (December 2023)
Morocco,2010,7.23,,7.532,International Debt Statistics (IDS) Database (December 2023)
Madagascar,2010,4.39,20.4021244049072,15.21,International Debt Statistics (IDS) Database (December 2023)
Mali,2010,3.14,16.5039100646973,3.302,International Debt Statistics (IDS) Database (December 2023)
Mozambique,2010,2.83,19.5735168457031,4.672,International Debt Statistics (IDS) Database (December 2023)
Mauritania,2010,11.49,,4.223,International Debt Statistics (IDS) Database (December 2023)
Mauritius,2010,3.66,15.7272882461548,8.296,International Debt Statistics (IDS) Database (December 2023)
Malawi,2010,1.03,12.4599800109863,5.775,International Debt Statistics (IDS) Database (December 2023)
Niger,2010,1.55,19.0896492004395,9.178,International Debt Statistics (IDS) Database (December 2023)
Nigeria,2010,0.5,,2.703,International Debt Statistics (IDS) Database (December 2023)
Rwanda,2010,0.95,17.548059463501,8.556,International Debt Statistics (IDS) Database (December 2023)
Sudan,2010,4.24,,9.488,International Debt Statistics (IDS) Database (December 2023)
Senegal,2010,4.23,24.046350479126,5.353,International Debt Statistics (IDS) Database (December 2023)
Sierra Leone,2010,1.69,12.8019104003906,6.514,International Debt Statistics (IDS) Database (December 2023)
Sao Tome and Principe,2010,1.52,19.3274097442627,4.1,International Debt Statistics (IDS) Database (December 2023)
Eswatini,2010,3.83,18.2830295562744,13.757,International Debt Statistics (IDS) Database (December 2023)
Chad,2010,2.37,8.1192798614502,3.498,International Debt Statistics (IDS) Database (December 2023)
Togo,2010,4.99,19.6157608032227,7.446,International Debt Statistics (IDS) Database (December 2023)
Tunisia,2010,17.66,24.846830368042,13.032,International Debt Statistics (IDS) Database (December 2023)
Tanzania,2010,1.35,19.8020191192627,7.321,International Debt Statistics (IDS) Database (December 2023)
Uganda,2010,1.6,10.1048898696899,7.113,International Debt Statistics (IDS) Database (December 2023)
South Africa,2010,2.74,17.234956741333,14.145,International Debt Statistics (IDS) Database (December 2023)
Zambia,2010,1.84,,8.634,International Debt Statistics (IDS) Database (December 2023)
Zimbabwe,2010,0.71,8.53672027587891,,International Debt Statistics (IDS) Database (December 2023)
Angola,2011,6.7,8.96000003814697,4.581,International Debt Statistics (IDS) Database (December 2023)
Burundi,2011,0.76,14.9792995452881,8.228,International Debt Statistics (IDS) Database (December 2023)
Benin,2011,2.72,20.9599990844727,4.424,International Debt Statistics (IDS) Database (December 2023)
Burkina Faso,2011,2.61,19.5006103515625,6.587,International Debt Statistics (IDS) Database (December 2023)
Botswana,2011,1.31,24.1944999694824,9.632,International Debt Statistics (IDS) Database (December 2023)
Central African Republic,2011,0.32,7.8254599571228,2.934,International Debt Statistics (IDS) Database (December 2023)
Cote d'Ivoire,2011,8.84,22.4268608093262,4.394,International Debt Statistics (IDS) Database (December 2023)
Cameroon,2011,3.48,14.8677701950073,3.21,International Debt Statistics (IDS) Database (December 2023)
DR Congo,2011,6.98,,2.532,International Debt Statistics (IDS) Database (December 2023)
Congo Republic,2011,2.97,,2.337,International Debt Statistics (IDS) Database (December 2023)
Comoros,2011,2.88,21.4148693084717,7.238,International Debt Statistics (IDS) Database (December 2023)
Cabo Verde,2011,5.65,15.1532802581787,8.608,International Debt Statistics (IDS) Database (December 2023)
Djibouti,2011,8.16,,8.474,International Debt Statistics (IDS) Database (December 2023)
Algeria,2011,0.57,17.5647163391113,9.034,International Debt Statistics (IDS) Database (December 2023)
Egypt,2011,4.7,10.95152759552,4.827,International Debt Statistics (IDS) Database (December 2023)
Eritrea,2011,3.3,,,International Debt Statistics (IDS) Database (December 2023)
Ethiopia,2011,6.15,29.674430847168,2.091,International Debt Statistics (IDS) Database (December 2023)
Gabon,2011,10.35,13.5340795516968,7.183,International Debt Statistics (IDS) Database (December 2023)
Ghana,2011,2.9,30.6343097686768,12.074,International Debt Statistics (IDS) Database (December 2023)
Guinea,2011,15.79,14.2593097686768,3.182,International Debt Statistics (IDS) Database (December 2023)
Gambia,2011,11.62,15.1183300018311,6.309,International Debt Statistics (IDS) Database (December 2023)
Guinea-Bissau,2011,2.95,10.1997404098511,2.524,International Debt Statistics (IDS) Database (December 2023)
Kenya,2011,4.13,,7.981,International Debt Statistics (IDS) Database (December 2023)
Liberia,2011,0.43,,,International Debt Statistics (IDS) Database (December 2023)
Lesotho,2011,2.17,21.2399997711182,8.199,International Debt Statistics (IDS) Database (December 2023)
Morocco,2011,6.41,,7.219,International Debt Statistics (IDS) Database (December 2023)
Madagascar,2011,3.01,19.7796993255615,13.937,International Debt Statistics (IDS) Database (December 2023)
Mali,2011,2.55,18.2583408355713,2.941,International Debt Statistics (IDS) Database (December 2023)
Mozambique,2011,1.87,19.0985736846924,4.344,International Debt Statistics (IDS) Database (December 2023)
Mauritania,2011,10.75,13.68274974823,4.401,International Debt Statistics (IDS) Database (December 2023)
Mauritius,2011,3.48,15.8688669204712,7.362,International Debt Statistics (IDS) Database (December 2023)
Malawi,2011,1.11,15.0456495285034,6.78,International Debt Statistics (IDS) Database (December 2023)
Niger,2011,1.93,20.1165199279785,8.3,International Debt Statistics (IDS) Database (December 2023)
Nigeria,2011,0.49,,2.771,International Debt Statistics (IDS) Database (December 2023)
Rwanda,2011,1.08,15.3433799743652,8.901,International Debt Statistics (IDS) Database (December 2023)
Sudan,2011,4.29,,7.036,International Debt Statistics (IDS) Database (December 2023)
Senegal,2011,5.96,21.0869693756104,5.628,International Debt Statistics (IDS) Database (December 2023)
Sierra Leone,2011,2.05,12.4114599227905,5.354,International Debt Statistics (IDS) Database (December 2023)
Sao Tome and Principe,2011,1.15,11.3804159164429,4.309,International Debt Statistics (IDS) Database (December 2023)
Eswatini,2011,4.12,22.3339290618896,14.277,International Debt Statistics (IDS) Database (December 2023)
Chad,2011,2.74,10.0832595825195,3.688,International Debt Statistics (IDS) Database (December 2023)
Togo,2011,1.5,16.9037895202637,5.669,International Debt Statistics (IDS) Database (December 2023)
Tunisia,2011,17.4,,12.386,International Debt Statistics (IDS) Database (December 2023)
Tanzania,2011,1.18,17.6182441711426,6.762,International Debt Statistics (IDS) Database (December 2023)
Uganda,2011,1.71,13.6113700866699,6.897,International Debt Statistics (IDS) Database (December 2023)
South Africa,2011,2.93,18.4566612243652,14.684,International Debt Statistics (IDS) Database (December 2023)
Zambia,2011,1.69,,8.058,International Debt Statistics (IDS) Database (December 2023)
Zimbabwe,2011,0.68,24.0976867675781,,International Debt Statistics (IDS) Database (December 2023)
Angola,2012,9.08,8.37043285369873,4.202,International Debt Statistics (IDS) Database (December 2023)
Burundi,2012,1.47,16.4283199310303,7.11,International Debt Statistics (IDS) Database (December 2023)
Benin,2012,3.53,25.0213108062744,5.246,International Debt Statistics (IDS) Database (December 2023)
Burkina Faso,2012,2.29,15.8953800201416,4.696,International Debt Statistics (IDS) Database (December 2023)
Botswana,2012,1.06,22.9116344451904,10.684,International Debt Statistics (IDS) Database (December 2023)
Central African Republic,2012,1.16,10.616569519043,4.295,International Debt Statistics (IDS) Database (December 2023)
Cote d'Ivoire,2012,5.01,20.8587608337402,4.622,International Debt Statistics (IDS) Database (December 2023)
Cameroon,2012,2.23,15.1762199401855,3.732,International Debt Statistics (IDS) Database (December 2023)
DR Congo,2012,5.58,,3.878,International Debt Statistics (IDS) Database (December 2023)
Congo Republic,2012,3.07,9.32130146026611,2.671,International Debt Statistics (IDS) Database (December 2023)
Comoros,2012,5.17,18.4915103912354,5.352,International Debt Statistics (IDS) Database (December 2023)
Cabo Verde,2012,5.5,16.121675491333,8.865,International Debt Statistics (IDS) Database (December 2023)
Djibouti,2012,7.83,17.07688331604,7.133,International Debt Statistics (IDS) Database (December 2023)
Algeria,2012,0.73,15.9837255477905,10.061,International Debt Statistics (IDS) Database (December 2023)
Egypt,2012,3.44,10.9230432510376,4.385,International Debt Statistics (IDS) Database (December 2023)
Eritrea,2012,12.38,,,International Debt Statistics (IDS) Database (December 2023)
Ethiopia,2012,6.1,30.5395393371582,6.407,International Debt Statistics (IDS) Database (December 2023)
Gabon,2012,10.29,12.5822696685791,6.192,International Debt Statistics (IDS) Database (December 2023)
Ghana,2012,3.38,26.5813903808594,8.973,International Debt Statistics (IDS) Database (December 2023)
Guinea,2012,5.82,9.46061038970947,2.566,International Debt Statistics (IDS) Database (December 2023)
Gambia,2012,9.8,13.7955303192139,6.309,International Debt Statistics (IDS) Database (December 2023)
Guinea-Bissau,2012,4.55,14.5397996902466,3.888,International Debt Statistics (IDS) Database (December 2023)
Kenya,2012,3.82,,7.359,International Debt Statistics (IDS) Database (December 2023)
Liberia,2012,0.56,5.18434000015259,,International Debt Statistics (IDS) Database (December 2023)
Lesotho,2012,2.46,17.4300003051758,9.674,International Debt Statistics (IDS) Database (December 2023)
Morocco,2012,6.76,20.7460784912109,7.166,International Debt Statistics (IDS) Database (December 2023)
Madagascar,2012,4.45,20.3257999420166,12.937,International Debt Statistics (IDS) Database (December 2023)
Mali,2012,3.01,22.4033794403076,2.663,International Debt Statistics (IDS) Database (December 2023)
Mozambique,2012,1.92,19.767240524292,4.395,International Debt Statistics (IDS) Database (December 2023)
Mauritania,2012,10.27,10.0176601409912,4.167,International Debt Statistics (IDS) Database (December 2023)
Mauritius,2012,3.29,15.9415674209595,8.319,International Debt Statistics (IDS) Database (December 2023)
Malawi,2012,1.53,13.6409635543823,5.096,International Debt Statistics (IDS) Database (December 2023)
Niger,2012,2.17,19.1920204162598,6.249,International Debt Statistics (IDS) Database (December 2023)
Nigeria,2012,0.37,,3.668,International Debt Statistics (IDS) Database (December 2023)
Rwanda,2012,1.1,15.8154697418213,8.363,International Debt Statistics (IDS) Database (December 2023)
Sudan,2012,4.4,,9.061,International Debt Statistics (IDS) Database (December 2023)
Senegal,2012,5.64,20.7952499389648,5.308,International Debt Statistics (IDS) Database (December 2023)
Sierra Leone,2012,1.73,14.1259603500366,4.753,International Debt Statistics (IDS) Database (December 2023)
Sao Tome and Principe,2012,9.69,13.7216196060181,4.567,International Debt Statistics (IDS) Database (December 2023)
Eswatini,2012,3.55,17.5830917358398,12.655,International Debt Statistics (IDS) Database (December 2023)
Chad,2012,2.68,9.21240997314453,3.965,International Debt Statistics (IDS) Database (December 2023)
Togo,2012,2.19,17.6804294586182,6.109,International Debt Statistics (IDS) Database (December 2023)
Tunisia,2012,15.91,20.9910106658936,12.639,International Debt Statistics (IDS) Database (December 2023)
Tanzania,2012,1.15,16.878734588623,6.006,International Debt Statistics (IDS) Database (December 2023)
Uganda,2012,1.63,11.4518995285034,7.05,International Debt Statistics (IDS) Database (December 2023)
South Africa,2012,4.81,19.2028274536133,14.467,International Debt Statistics (IDS) Database (December 2023)
Zambia,2012,2.75,17.5119686126709,7.058,International Debt Statistics (IDS) Database (December 2023)
Zimbabwe,2012,0.59,29.7510890960693,,International Debt Statistics (IDS) Database (December 2023)
Angola,2013,9.72,8.82697105407715,4.575,International Debt Statistics (IDS) Database (December 2023)
Burundi,2013,2.51,17.2432594299316,4.432,International Debt Statistics (IDS) Database (December 2023)
Benin,2013,4.35,22.3412208557129,5.134,International Debt Statistics (IDS) Database (December 2023)
Burkina Faso,2013,2.15,16.1652793884277,6.383,International Debt Statistics (IDS) Database (December 2023)
Botswana,2013,3.83,20.9129199981689,11.934,International Debt Statistics (IDS) Database (December 2023)
Central African Republic,2013,1.76,8.0834436416626,7.336,International Debt Statistics (IDS) Database (December 2023)
Cote d'Ivoire,2013,7.72,21.5747299194336,4.59,International Debt Statistics (IDS) Database (December 2023)
Cameroon,2013,2.27,13.8249502182007,2.501,International Debt Statistics (IDS) Database (December 2023)
DR Congo,2013,8.2,16.1747398376465,3.909,International Debt Statistics (IDS) Database (December 2023)
Congo Republic,2013,5.65,14.7248983383179,2.21,International Debt Statistics (IDS) Database (December 2023)
Comoros,2013,0.36,16.0707302093506,4.45,International Debt Statistics (IDS) Database (December 2023)
Cabo Verde,2013,5.92,14.7782297134399,9.03,International Debt Statistics (IDS) Database (December 2023)
Djibouti,2013,7.32,17.3199901580811,6.735,International Debt Statistics (IDS) Database (December 2023)
Algeria,2013,0.39,17.6460342407227,11.701,International Debt Statistics (IDS) Database (December 2023)
Egypt,2013,3.31,12.0,4.157,International Debt Statistics (IDS) Database (December 2023)
Eritrea,2013,13.45,,,International Debt Statistics (IDS) Database (December 2023)
Ethiopia,2013,7.89,27.0210990905762,6.193,International Debt Statistics (IDS) Database (December 2023)
Gabon,2013,18.96,8.73756980895996,5.258,International Debt Statistics (IDS) Database (December 2023)
Ghana,2013,4.08,21.2222099304199,8.617,International Debt Statistics (IDS) Database (December 2023)
Guinea,2013,2.43,14.1328096389771,2.621,International Debt Statistics (IDS) Database (December 2023)
Gambia,2013,12.18,10.5854196548462,6.309,International Debt Statistics (IDS) Database (December 2023)
Guinea-Bissau,2013,1.74,16.1913795471191,4.443,International Debt Statistics (IDS) Database (December 2023)
Kenya,2013,3.15,,7.15,International Debt Statistics (IDS) Database (December 2023)
Liberia,2013,0.74,5.65268993377686,,International Debt Statistics (IDS) Database (December 2023)
Lesotho,2013,2.84,19.3099994659424,10.488,International Debt Statistics (IDS) Database (December 2023)
Morocco,2013,8.26,,7.646,International Debt Statistics (IDS) Database (December 2023)
Madagascar,2013,3.61,13.9893798828125,10.268,International Debt Statistics (IDS) Database (December 2023)
Mali,2013,4.02,16.6234493255615,4.129,International Debt Statistics (IDS) Database (December 2023)
Mozambique,2013,4.83,19.0328807830811,4.726,International Debt Statistics (IDS) Database (December 2023)
Mauritania,2013,11.27,11.4054298400879,5.385,International Debt Statistics (IDS) Database (December 2023)
Mauritius,2013,2.96,15.6085023880005,8.007,International Debt Statistics (IDS) Database (December 2023)
Malawi,2013,2.23,20.4968299865723,7.156,International Debt Statistics (IDS) Database (December 2023)
Niger,2013,3.11,18.0767002105713,6.555,International Debt Statistics (IDS) Database (December 2023)
Nigeria,2013,0.54,,3.459,International Debt Statistics (IDS) Database (December 2023)
Rwanda,2013,1.82,16.8596305847168,8.304,International Debt Statistics (IDS) Database (December 2023)
Sudan,2013,3.53,,7.518,International Debt Statistics (IDS) Database (December 2023)
Senegal,2013,6.0,25.7423496246338,5.3,International Debt Statistics (IDS) Database (December 2023)
Sierra Leone,2013,2.21,15.2023096084595,5.15,International Debt Statistics (IDS) Database (December 2023)
Somalia,2013,0.0,,,International Debt Statistics (IDS) Database (December 2023)
Sao Tome and Principe,2013,5.44,18.8296699523926,8.44,International Debt Statistics (IDS) Database (December 2023)
Eswatini,2013,2.89,17.2339973449707,11.66,International Debt Statistics (IDS) Database (December 2023)
Chad,2013,3.94,12.4614601135254,5.037,International Debt Statistics (IDS) Database (December 2023)
Togo,2013,4.0,15.4976797103882,4.69,International Debt Statistics (IDS) Database (December 2023)
Tunisia,2013,12.53,,12.498,International Debt Statistics (IDS) Database (December 2023)
Tanzania,2013,2.48,19.1151924133301,6.307,International Debt Statistics (IDS) Database (December 2023)
Uganda,2013,1.85,11.7431201934814,7.324,International Debt Statistics (IDS) Database (December 2023)
South Africa,2013,7.27,16.7506999969482,14.338,International Debt Statistics (IDS) Database (December 2023)
Zambia,2013,3.93,17.4679164886475,5.452,International Debt Statistics (IDS) Database (December 2023)
Zimbabwe,2013,3.02,28.6603393554688,,International Debt Statistics (IDS) Database (December 2023)
Angola,2014,13.29,7.13000011444092,3.616,International Debt Statistics (IDS) Database (December 2023)
Burundi,2014,1.25,23.8400001525879,9.792,International Debt Statistics (IDS) Database (December 2023)
Benin,2014,3.77,22.227710723877,4.045,International Debt Statistics (IDS) Database (December 2023)
Burkina Faso,2014,3.03,19.3681106567383,7.774,International Debt Statistics (IDS) Database (December 2023)
Botswana,2014,1.0,22.6601257324219,10.959,International Debt Statistics (IDS) Database (December 2023)
Central African Republic,2014,1.84,9.38718795776367,3.947,International Debt Statistics (IDS) Database (December 2023)
Cote d'Ivoire,2014,7.98,21.7667808532715,5.111,International Debt Statistics (IDS) Database (December 2023)
Cameroon,2014,6.62,12.8797597885132,2.94,International Debt Statistics (IDS) Database (December 2023)
DR Congo,2014,7.21,10.5539197921753,2.979,International Debt Statistics (IDS) Database (December 2023)
Congo Republic,2014,5.52,6.55592012405396,1.95,International Debt Statistics (IDS) Database (December 2023)
Comoros,2014,0.48,18.8928909301758,3.82,International Debt Statistics (IDS) Database (December 2023)
Cabo Verde,2014,7.42,16.282190322876,9.983,International Debt Statistics (IDS) Database (December 2023)
Djibouti,2014,5.58,17.7485542297363,6.073,International Debt Statistics (IDS) Database (December 2023)
Algeria,2014,0.27,16.469202041626,11.418,International Debt Statistics (IDS) Database (December 2023)
Egypt,2014,5.37,12.0,4.161,International Debt Statistics (IDS) Database (December 2023)
Eritrea,2014,7.93,,,International Debt Statistics (IDS) Database (December 2023)
Ethiopia,2014,7.93,25.9183807373047,4.088,International Debt Statistics (IDS) Database (December 2023)
Gabon,2014,11.98,11.225489616394,6.385,International Debt Statistics (IDS) Database (December 2023)
Ghana,2014,6.29,20.9851398468018,6.72,International Debt Statistics (IDS) Database (December 2023)
Guinea,2014,2.89,11.9895095825195,3.026,International Debt Statistics (IDS) Database (December 2023)
Gambia,2014,19.38,11.7523202896118,5.754,International Debt Statistics (IDS) Database (December 2023)
Guinea-Bissau,2014,1.61,,2.598,International Debt Statistics (IDS) Database (December 2023)
Kenya,2014,7.68,,7.845,International Debt Statistics (IDS) Database (December 2023)
Liberia,2014,1.37,6.76014995574951,,International Debt Statistics (IDS) Database (December 2023)
Lesotho,2014,3.3,18.1000003814697,11.592,International Debt Statistics (IDS) Database (December 2023)
Morocco,2014,7.56,22.0639419555664,6.839,International Debt Statistics (IDS) Database (December 2023)
Madagascar,2014,4.78,18.9667701721191,13.924,International Debt Statistics (IDS) Database (December 2023)
Mali,2014,3.5,18.2242603302002,4.455,International Debt Statistics (IDS) Database (December 2023)
Mozambique,2014,4.36,17.6080589294434,4.317,International Debt Statistics (IDS) Database (December 2023)
Mauritania,2014,15.09,11.9051284790039,5.241,International Debt Statistics (IDS) Database (December 2023)
Mauritius,2014,4.69,16.5697288513184,10.528,International Debt Statistics (IDS) Database (December 2023)
Malawi,2014,2.69,16.5964698791504,8.581,International Debt Statistics (IDS) Database (December 2023)
Niger,2014,4.03,21.6615009307861,5.403,International Debt Statistics (IDS) Database (December 2023)
Nigeria,2014,0.35,,3.336,International Debt Statistics (IDS) Database (December 2023)
Rwanda,2014,2.34,13.7343196868896,7.982,International Debt Statistics (IDS) Database (December 2023)
Sudan,2014,3.03,,10.618,International Debt Statistics (IDS) Database (December 2023)
Senegal,2014,4.99,24.76296043396,4.676,International Debt Statistics (IDS) Database (December 2023)
Sierra Leone,2014,2.54,15.091739654541,7.58,International Debt Statistics (IDS) Database (December 2023)
Somalia,2014,0.0,,,International Debt Statistics (IDS) Database (December 2023)
Sao Tome and Principe,2014,11.97,12.3246698379517,7.776,International Debt Statistics (IDS) Database (December 2023)
Eswatini,2014,2.45,24.7954406738281,8.537,International Debt Statistics (IDS) Database (December 2023)
Chad,2014,19.11,,5.549,International Debt Statistics (IDS) Database (December 2023)
Togo,2014,3.39,15.63267993927,4.558,International Debt Statistics (IDS) Database (December 2023)
Tunisia,2014,12.71,,13.543,International Debt Statistics (IDS) Database (December 2023)
Tanzania,2014,2.23,17.2971000671387,6.938,International Debt Statistics (IDS) Database (December 2023)
Uganda,2014,2.03,11.7049102783203,7.009,International Debt Statistics (IDS) Database (December 2023)
South Africa,2014,3.96,16.3512496948242,14.916,International Debt Statistics (IDS) Database (December 2023)
Zambia,2014,3.34,,7.785,International Debt Statistics (IDS) Database (December 2023)
Zimbabwe,2014,3.43,30.0151500701904,,International Debt Statistics (IDS) Database (December 2023)
Angola,2015,20.72,8.918776512146,4.563,International Debt Statistics (IDS) Database (December 2023)
Burundi,2015,1.31,27.4972400665283,10.443,International Debt Statistics (IDS) Database (December 2023)
Benin,2015,3.35,17.4795207977295,3.255,International Debt Statistics (IDS) Database (December 2023)
Burkina Faso,2015,4.08,18.0270805358887,7.153,International Debt Statistics (IDS) Database (December 2023)
Botswana,2015,3.06,21.6581592559814,10.416,International Debt Statistics (IDS) Database (December 2023)
Central African Republic,2015,1.44,8.38674163818359,3.265,International Debt Statistics (IDS) Database (December 2023)
Cote d'Ivoire,2015,5.27,21.1732196807861,4.875,International Debt Statistics (IDS) Database (December 2023)
Cameroon,2015,5.96,13.243989944458,1.813,International Debt Statistics (IDS) Database (December 2023)
DR Congo,2015,4.99,11.7383699417114,3.842,International Debt Statistics (IDS) Database (December 2023)
Congo Republic,2015,8.25,7.95039987564087,2.71,International Debt Statistics (IDS) Database (December 2023)
Comoros,2015,3.86,13.3536500930786,2.446,International Debt Statistics (IDS) Database (December 2023)
Cabo Verde,2015,8.26,16.7482299804688,10.094,International Debt Statistics (IDS) Database (December 2023)
Djibouti,2015,4.2,8.57643985748291,4.07,International Debt Statistics (IDS) Database (December 2023)
Algeria,2015,0.24,15.2029609680176,10.605,International Debt Statistics (IDS) Database (December 2023)
Egypt,2015,3.27,12.0,5.058,International Debt Statistics (IDS) Database (December 2023)
Eritrea,2015,5.2,,,International Debt Statistics (IDS) Database (December 2023)
Ethiopia,2015,9.69,23.6640396118164,5.572,International Debt Statistics (IDS) Database (December 2023)
Gabon,2015,14.58,11.6105213165283,7.035,International Debt Statistics (IDS) Database (December 2023)
Ghana,2015,10.12,23.8087997436523,8.558,International Debt Statistics (IDS) Database (December 2023)
Guinea,2015,2.39,11.5987796783447,1.978,International Debt Statistics (IDS) Database (December 2023)
Gambia,2015,13.31,11.0329303741455,5.099,International Debt Statistics (IDS) Database (December 2023)
Guinea-Bissau,2015,1.94,,2.501,International Debt Statistics (IDS) Database (December 2023)
Kenya,2015,4.05,,8.074,International Debt Statistics (IDS) Database (December 2023)
Liberia,2015,0.44,11.0236806869507,,International Debt Statistics (IDS) Database (December 2023)
Lesotho,2015,4.53,15.9899997711182,10.86,International Debt Statistics (IDS) Database (December 2023)
Morocco,2015,8.13,22.2395477294922,6.976,International Debt Statistics (IDS) Database (December 2023)
Madagascar,2015,8.14,16.9629096984863,15.274,International Debt Statistics (IDS) Database (December 2023)
Mali,2015,3.82,18.1554908752441,4.39,International Debt Statistics (IDS) Database (December 2023)
Mozambique,2015,7.88,19.8523387908936,5.554,International Debt Statistics (IDS) Database (December 2023)
Mauritania,2015,14.85,12.8434934616089,5.53,International Debt Statistics (IDS) Database (December 2023)
Mauritius,2015,4.17,16.4709491729736,9.458,International Debt Statistics (IDS) Database (December 2023)
Malawi,2015,2.61,21.7978992462158,9.729,International Debt Statistics (IDS) Database (December 2023)
Niger,2015,3.29,18.5121898651123,4.586,International Debt Statistics (IDS) Database (December 2023)
Nigeria,2015,0.73,,5.331,International Debt Statistics (IDS) Database (December 2023)
Rwanda,2015,2.49,12.5390501022339,7.915,International Debt Statistics (IDS) Database (December 2023)
Sudan,2015,6.44,,6.664,International Debt Statistics (IDS) Database (December 2023)
Senegal,2015,5.89,23.7782707214355,4.699,International Debt Statistics (IDS) Database (December 2023)
Sierra Leone,2015,2.44,15.716326713562,6.205,International Debt Statistics (IDS) Database (December 2023)
Somalia,2015,0.0,,,International Debt Statistics (IDS) Database (December 2023)
Sao Tome and Principe,2015,1.65,11.2973403930664,4.937,International Debt Statistics (IDS) Database (December 2023)
Eswatini,2015,2.48,16.4153881072998,8.582,International Debt Statistics (IDS) Database (December 2023)
Chad,2015,4.99,,5.245,International Debt Statistics (IDS) Database (December 2023)
Togo,2015,3.3,16.2116394042969,4.038,International Debt Statistics (IDS) Database (December 2023)
Tunisia,2015,12.63,22.665340423584,12.179,International Debt Statistics (IDS) Database (December 2023)
Tanzania,2015,4.25,17.6345500946045,7.331,International Debt Statistics (IDS) Database (December 2023)
Uganda,2015,1.92,13.2200803756714,5.085,International Debt Statistics (IDS) Database (December 2023)
South Africa,2015,15.19,18.8851432800293,15.238,International Debt Statistics (IDS) Database (December 2023)
Zambia,2015,5.87,16.726110458374,7.561,International Debt Statistics (IDS) Database (December 2023)
Zimbabwe,2015,3.83,,,International Debt Statistics (IDS) Database (December 2023)
Angola,2016,41.86,6.55097389221191,5.433,International Debt Statistics (IDS) Database (December 2023)
Burundi,2016,2.29,20.784610748291,9.905,International Debt Statistics (IDS) Database (December 2023)
Benin,2016,4.85,18.7914009094238,3.051,International Debt Statistics (IDS) Database (December 2023)
Burkina Faso,2016,3.83,,11.034,International Debt Statistics (IDS) Database (December 2023)
Botswana,2016,3.11,22.0042915344238,11.211,International Debt Statistics (IDS) Database (December 2023)
Central African Republic,2016,2.62,7.31902170181274,4.947,International Debt Statistics (IDS) Database (December 2023)
Cote d'Ivoire,2016,12.23,22.3875999450684,4.852,International Debt Statistics (IDS) Database (December 2023)
Cameroon,2016,6.53,12.6946897506714,1.813,International Debt Statistics (IDS) Database (December 2023)
DR Congo,2016,6.62,14.6354198455811,3.808,International Debt Statistics (IDS) Database (December 2023)
Congo Republic,2016,8.37,12.8548784255981,2.885,International Debt Statistics (IDS) Database (December 2023)
Comoros,2016,2.35,,3.036,International Debt Statistics (IDS) Database (December 2023)
Cabo Verde,2016,8.84,17.8430099487305,10.392,International Debt Statistics (IDS) Database (December 2023)
Djibouti,2016,8.35,12.0085096359253,4.07,International Debt Statistics (IDS) Database (December 2023)
Algeria,2016,0.25,16.1110439300537,10.606,International Debt Statistics (IDS) Database (December 2023)
Egypt,2016,5.63,,5.058,International Debt Statistics (IDS) Database (December 2023)
Eritrea,2016,3.93,,,International Debt Statistics (IDS) Database (December 2023)
Ethiopia,2016,9.04,23.0133628845215,5.024,International Debt Statistics (IDS) Database (December 2023)
Gabon,2016,11.95,10.3015422821045,9.203,International Debt Statistics (IDS) Database (December 2023)
Ghana,2016,13.4,22.0933208465576,6.538,International Debt Statistics (IDS) Database (December 2023)
Guinea,2016,4.06,15.7688598632812,4.113,International Debt Statistics (IDS) Database (December 2023)
Gambia,2016,12.33,10.4499597549438,6.658,International Debt Statistics (IDS) Database (December 2023)
Guinea-Bissau,2016,2.11,,2.362,International Debt Statistics (IDS) Database (December 2023)
Kenya,2016,4.06,,8.031,International Debt Statistics (IDS) Database (December 2023)
Liberia,2016,0.4,11.0242004394531,,International Debt Statistics (IDS) Database (December 2023)
Lesotho,2016,4.55,15.9499998092651,10.336,International Debt Statistics (IDS) Database (December 2023)
Morocco,2016,9.51,22.2573566436768,7.023,International Debt Statistics (IDS) Database (December 2023)
Madagascar,2016,5.99,19.8381805419922,17.511,International Debt Statistics (IDS) Database (December 2023)
Mali,2016,3.85,13.9038801193237,5.431,International Debt Statistics (IDS) Database (December 2023)
Mozambique,2016,9.21,20.1951103210449,5.999,International Debt Statistics (IDS) Database (December 2023)
Mauritania,2016,18.52,9.33061027526855,5.756,International Debt Statistics (IDS) Database (December 2023)
Mauritius,2016,4.72,16.2954635620117,10.202,International Debt Statistics (IDS) Database (December 2023)
Malawi,2016,3.26,17.1988105773926,9.678,International Debt Statistics (IDS) Database (December 2023)
Niger,2016,5.2,15.3471603393555,5.686,International Debt Statistics (IDS) Database (December 2023)
Nigeria,2016,0.9,,4.866,International Debt Statistics (IDS) Database (December 2023)
Rwanda,2016,2.96,12.2783899307251,8.883,International Debt Statistics (IDS) Database (December 2023)
Sudan,2016,4.36,,12.929,International Debt Statistics (IDS) Database (December 2023)
Senegal,2016,5.84,21.3373699188232,4.457,International Debt Statistics (IDS) Database (December 2023)
Sierra Leone,2016,3.57,12.4735803604126,4.445,International Debt Statistics (IDS) Database (December 2023)
Somalia,2016,0.0,,,International Debt Statistics (IDS) Database (December 2023)
Sao Tome and Principe,2016,1.6,15.9666795730591,8.002,International Debt Statistics (IDS) Database (December 2023)
Eswatini,2016,3.03,16.55491065979,8.217,International Debt Statistics (IDS) Database (December 2023)
Chad,2016,11.01,,5.725,International Debt Statistics (IDS) Database (December 2023)
Togo,2016,4.69,15.9913101196289,4.259,International Debt Statistics (IDS) Database (December 2023)
Tunisia,2016,13.73,,12.514,International Debt Statistics (IDS) Database (December 2023)
Tanzania,2016,7.33,17.204231262207,9.521,International Debt Statistics (IDS) Database (December 2023)
Uganda,2016,2.21,12.4691696166992,5.178,International Debt Statistics (IDS) Database (December 2023)
South Africa,2016,5.88,16.1201610565186,15.29,International Debt Statistics (IDS) Database (December 2023)
Zambia,2016,10.92,15.6636199951172,7.165,International Debt Statistics (IDS) Database (December 2023)
Zimbabwe,2016,3.19,23.5270843505859,,International Debt Statistics (IDS) Database (December 2023)
Angola,2017,27.6,6.7637767791748,5.364,International Debt Statistics (IDS) Database (December 2023)
Burundi,2017,1.39,19.7648506164551,8.358,International Debt Statistics (IDS) Database (December 2023)
Benin,2017,3.84,19.8796501159668,2.561,International Debt Statistics (IDS) Database (December 2023)
Burkina Faso,2017,3.13,21.4440002441406,9.991,International Debt Statistics (IDS) Database (December 2023)
Botswana,2017,3.1,21.5209445953369,14.315,International Debt Statistics (IDS) Database (December 2023)
Central African Republic,2017,6.41,8.89505004882812,5.26,International Debt Statistics (IDS) Database (December 2023)
Cote d'Ivoire,2017,18.37,20.6334991455078,5.15,International Debt Statistics (IDS) Database (December 2023)
Cameroon,2017,5.98,15.9128103256226,0.734,International Debt Statistics (IDS) Database (December 2023)
DR Congo,2017,6.1,14.0076599121094,3.984,International Debt Statistics (IDS) Database (December 2023)
Congo Republic,2017,12.91,15.68577003479,3.411,International Debt Statistics (IDS) Database (December 2023)
Comoros,2017,0.99,,3.585,International Debt Statistics (IDS) Database (December 2023)
Cabo Verde,2017,9.22,16.4125804901123,10.392,International Debt Statistics (IDS) Database (December 2023)
Djibouti,2017,9.22,13.2546997070312,4.07,International Debt Statistics (IDS) Database (December 2023)
Algeria,2017,0.24,17.5560722351074,10.606,International Debt Statistics (IDS) Database (December 2023)
Egypt,2017,8.16,,5.42,International Debt Statistics (IDS) Database (December 2023)
Eritrea,2017,3.32,,,International Debt Statistics (IDS) Database (December 2023)
Ethiopia,2017,10.24,23.3241710662842,4.788,International Debt Statistics (IDS) Database (December 2023)
Gabon,2017,22.85,15.2766714096069,9.715,International Debt Statistics (IDS) Database (December 2023)
Ghana,2017,16.8,20.0976390838623,8.6,International Debt Statistics (IDS) Database (December 2023)
Guinea,2017,4.43,13.3767900466919,3.463,International Debt Statistics (IDS) Database (December 2023)
Gambia,2017,9.18,13.3094930648804,4.491,International Debt Statistics (IDS) Database (December 2023)
Guinea-Bissau,2017,4.85,,2.752,International Debt Statistics (IDS) Database (December 2023)
Kenya,2017,5.68,,6.8,International Debt Statistics (IDS) Database (December 2023)
Liberia,2017,0.8,7.76910018920898,,International Debt Statistics (IDS) Database (December 2023)
Lesotho,2017,4.04,15.115309715271,11.973,International Debt Statistics (IDS) Database (December 2023)
Morocco,2017,10.07,21.6499042510986,7.124,International Debt Statistics (IDS) Database (December 2023)
Madagascar,2017,5.82,17.1507587432861,15.032,International Debt Statistics (IDS) Database (December 2023)
Mali,2017,4.12,16.534330368042,5.137,International Debt Statistics (IDS) Database (December 2023)
Mozambique,2017,9.53,18.9416999816895,5.996,International Debt Statistics (IDS) Database (December 2023)
Mauritania,2017,21.94,,6.066,International Debt Statistics (IDS) Database (December 2023)
Mauritius,2017,8.47,15.8099765777588,10.202,International Debt Statistics (IDS) Database (December 2023)
Malawi,2017,2.57,14.3444204330444,8.19,International Debt Statistics (IDS) Database (December 2023)
Niger,2017,5.75,13.215160369873,9.663,International Debt Statistics (IDS) Database (December 2023)
Nigeria,2017,0.76,,4.442,International Debt Statistics (IDS) Database (December 2023)
Rwanda,2017,3.16,11.0796098709106,8.883,International Debt Statistics (IDS) Database (December 2023)
Sudan,2017,3.74,,8.325,International Debt Statistics (IDS) Database (December 2023)
Senegal,2017,9.33,20.5892601013184,4.499,International Debt Statistics (IDS) Database (December 2023)
Sierra Leone,2017,4.18,19.894100189209,3.632,International Debt Statistics (IDS) Database (December 2023)
Somalia,2017,0.0,1.7046936750412,,International Debt Statistics (IDS) Database (December 2023)
Sao Tome and Principe,2017,3.18,18.3999996185303,10.763,International Debt Statistics (IDS) Database (December 2023)
Eswatini,2017,2.96,18.6662750244141,9.968,International Debt Statistics (IDS) Database (December 2023)
Chad,2017,11.08,16.3627490997314,4.678,International Debt Statistics (IDS) Database (December 2023)
Togo,2017,7.18,23.1400394439697,6.45,International Debt Statistics (IDS) Database (December 2023)
Tunisia,2017,18.44,,11.561,International Debt Statistics (IDS) Database (December 2023)
Tanzania,2017,7.95,24.3965396881104,9.521,International Debt Statistics (IDS) Database (December 2023)
Uganda,2017,3.45,12.1973304748535,3.922,International Debt Statistics (IDS) Database (December 2023)
South Africa,2017,4.86,18.8800506591797,15.29,International Debt Statistics (IDS) Database (December 2023)
Zambia,2017,8.96,14.9343395233154,10.052,International Debt Statistics (IDS) Database (December 2023)
Zimbabwe,2017,2.3,20.8742008209229,,International Debt Statistics (IDS) Database (December 2023)
Angola,2018,44.33,5.41023206710815,5.364,International Debt Statistics (IDS) Database (December 2023)
Burundi,2018,1.54,19.5192604064941,7.908,International Debt Statistics (IDS) Database (December 2023)
Benin,2018,8.88,17.7091808319092,2.711,International Debt Statistics (IDS) Database (December 2023)
Burkina Faso,2018,2.99,22.661169052124,8.785,International Debt Statistics (IDS) Database (December 2023)
Botswana,2018,2.89,21.3199825286865,11.542,International Debt Statistics (IDS) Database (December 2023)
Central African Republic,2018,3.06,9.13549613952637,3.911,International Debt Statistics (IDS) Database (December 2023)
Cote d'Ivoire,2018,10.79,18.2889003753662,5.117,International Debt Statistics (IDS) Database (December 2023)
Cameroon,2018,8.42,16.8831596374512,1.957,International Debt Statistics (IDS) Database (December 2023)
DR Congo,2018,4.04,,4.067,International Debt Statistics (IDS) Database (December 2023)
Congo Republic,2018,17.77,15.5829000473022,3.487,International Debt Statistics (IDS) Database (December 2023)
Comoros,2018,1.28,,3.994,International Debt Statistics (IDS) Database (December 2023)
Cabo Verde,2018,9.79,17.5685405731201,10.392,International Debt Statistics (IDS) Database (December 2023)
Djibouti,2018,7.87,13.991530418396,4.311,International Debt Statistics (IDS) Database (December 2023)
Algeria,2018,0.21,14.9493455886841,10.606,International Debt Statistics (IDS) Database (December 2023)
Egypt,2018,10.49,,4.722,International Debt Statistics (IDS) Database (December 2023)
Eritrea,2018,5.3,,,International Debt Statistics (IDS) Database (December 2023)
Ethiopia,2018,12.19,22.991756439209,4.761,International Debt Statistics (IDS) Database (December 2023)
Gabon,2018,24.67,14.6146268844604,9.415,International Debt Statistics (IDS) Database (December 2023)
Ghana,2018,17.1,18.5981693267822,8.379,International Debt Statistics (IDS) Database (December 2023)
Guinea,2018,5.82,14.8701200485229,3.851,International Debt Statistics (IDS) Database (December 2023)
Gambia,2018,12.12,11.3599195480347,5.136,International Debt Statistics (IDS) Database (December 2023)
Guinea-Bissau,2018,5.05,,2.594,International Debt Statistics (IDS) Database (December 2023)
Kenya,2018,10.24,,7.227,International Debt Statistics (IDS) Database (December 2023)
Liberia,2018,1.15,7.96435022354126,,International Debt Statistics (IDS) Database (December 2023)
Lesotho,2018,4.59,14.1315898895264,10.778,International Debt Statistics (IDS) Database (December 2023)
Morocco,2018,8.71,22.4447612762451,7.182,International Debt Statistics (IDS) Database (December 2023)
Madagascar,2018,5.1,19.8180408477783,10.477,International Debt Statistics (IDS) Database (December 2023)
Mali,2018,4.64,17.5215301513672,5.669,International Debt Statistics (IDS) Database (December 2023)
Mozambique,2018,9.95,17.3934097290039,5.765,International Debt Statistics (IDS) Database (December 2023)
Mauritania,2018,25.53,,5.907,International Debt Statistics (IDS) Database (December 2023)
Mauritius,2018,5.03,15.4155521392822,10.202,International Debt Statistics (IDS) Database (December 2023)
Malawi,2018,2.85,15.8293504714966,8.668,International Debt Statistics (IDS) Database (December 2023)
Niger,2018,4.26,16.3399696350098,8.349,International Debt Statistics (IDS) Database (December 2023)
Nigeria,2018,2.65,,3.881,International Debt Statistics (IDS) Database (December 2023)
Rwanda,2018,3.16,10.8046102523804,8.883,International Debt Statistics (IDS) Database (December 2023)
Sudan,2018,3.71,,6.171,International Debt Statistics (IDS) Database (December 2023)
Senegal,2018,11.5,21.5419807434082,4.962,International Debt Statistics (IDS) Database (December 2023)
Sierra Leone,2018,4.14,32.7278289794922,3.599,International Debt Statistics (IDS) Database (December 2023)
Somalia,2018,0.0,3.00248384475708,,International Debt Statistics (IDS) Database (December 2023)
Sao Tome and Principe,2018,3.7,20.1165409088135,9.386,International Debt Statistics (IDS) Database (December 2023)
Eswatini,2018,2.91,17.2210121154785,8.215,International Debt Statistics (IDS) Database (December 2023)
Chad,2018,11.97,,4.872,International Debt Statistics (IDS) Database (December 2023)
Togo,2018,6.18,21.7690906524658,5.489,International Debt Statistics (IDS) Database (December 2023)
Tunisia,2018,15.77,,10.783,International Debt Statistics (IDS) Database (December 2023)
Tanzania,2018,9.72,20.504940032959,9.415,International Debt Statistics (IDS) Database (December 2023)
Uganda,2018,5.82,11.2536602020264,4.168,International Debt Statistics (IDS) Database (December 2023)
South Africa,2018,12.85,20.2936897277832,15.29,International Debt Statistics (IDS) Database (December 2023)
Zambia,2018,11.5,17.0909004211426,7.529,International Debt Statistics (IDS) Database (December 2023)
Zimbabwe,2018,1.19,19.0398406982422,,International Debt Statistics (IDS) Database (December 2023)
Angola,2019,58.14,6.04535579681396,5.507,International Debt Statistics (IDS) Database (December 2023)
Burundi,2019,2.35,21.2221660614014,7.908,International Debt Statistics (IDS) Database (December 2023)
Benin,2019,23.43,18.4406833648682,2.133,International Debt Statistics (IDS) Database (December 2023)
Burkina Faso,2019,3.45,20.8894500732422,9.577,International Debt Statistics (IDS) Database (December 2023)
Botswana,2019,2.94,22.3420009613037,12.006,International Debt Statistics (IDS) Database (December 2023)
Central African Republic,2019,4.33,9.79781246185303,4.842,International Debt Statistics (IDS) Database (December 2023)
Cote d'Ivoire,2019,23.72,20.3154296875,5.601,International Debt Statistics (IDS) Database (December 2023)
Cameroon,2019,9.0,14.1786985397339,2.18,International Debt Statistics (IDS) Database (December 2023)
DR Congo,2019,14.28,,4.165,International Debt Statistics (IDS) Database (December 2023)
Congo Republic,2019,17.67,17.9308891296387,5.107,International Debt Statistics (IDS) Database (December 2023)
Comoros,2019,0.92,,4.133,International Debt Statistics (IDS) Database (December 2023)
Cabo Verde,2019,9.88,15.1536998748779,10.165,International Debt Statistics (IDS) Database (December 2023)
Djibouti,2019,8.3,,4.284,International Debt Statistics (IDS) Database (December 2023)
Algeria,2019,0.16,14.4630928039551,8.83,International Debt Statistics (IDS) Database (December 2023)
Egypt,2019,9.48,,4.823,International Debt Statistics (IDS) Database (December 2023)
Eritrea,2019,3.39,,,International Debt Statistics (IDS) Database (December 2023)
Ethiopia,2019,14.78,20.9222030639648,4.761,International Debt Statistics (IDS) Database (December 2023)
Gabon,2019,22.98,14.0744771957397,9.592,International Debt Statistics (IDS) Database (December 2023)
Ghana,2019,14.45,14.2717189788818,10.25,International Debt Statistics (IDS) Database (December 2023)
Guinea,2019,5.06,12.4053602218628,6.149,International Debt Statistics (IDS) Database (December 2023)
Gambia,2019,8.74,14.097261428833,5.48,International Debt Statistics (IDS) Database (December 2023)
Guinea-Bissau,2019,5.94,,2.441,International Debt Statistics (IDS) Database (December 2023)
Kenya,2019,16.25,,8.232,International Debt Statistics (IDS) Database (December 2023)
Liberia,2019,1.28,13.7193489074707,,International Debt Statistics (IDS) Database (December 2023)
Lesotho,2019,4.91,13.825984954834,11.023,International Debt Statistics (IDS) Database (December 2023)
Morocco,2019,8.68,21.4650707244873,7.395,International Debt Statistics (IDS) Database (December 2023)
Madagascar,2019,4.48,17.9527912139893,4.444,International Debt Statistics (IDS) Database (December 2023)
Mali,2019,4.71,15.357029914856,4.835,International Debt Statistics (IDS) Database (December 2023)
Mozambique,2019,14.23,19.0336818695068,6.522,International Debt Statistics (IDS) Database (December 2023)
Mauritania,2019,25.21,10.2280197143555,7.135,International Debt Statistics (IDS) Database (December 2023)
Mauritius,2019,4.31,14.4941005706787,10.202,International Debt Statistics (IDS) Database (December 2023)
Malawi,2019,3.71,,8.668,International Debt Statistics (IDS) Database (December 2023)
Niger,2019,4.62,13.0128049850464,9.379,International Debt Statistics (IDS) Database (December 2023)
Nigeria,2019,2.48,,3.752,International Debt Statistics (IDS) Database (December 2023)
Rwanda,2019,2.99,10.9981460571289,8.929,International Debt Statistics (IDS) Database (December 2023)
Sudan,2019,2.85,,5.563,International Debt Statistics (IDS) Database (December 2023)
Senegal,2019,14.05,18.7348461151123,4.372,International Debt Statistics (IDS) Database (December 2023)
Sierra Leone,2019,5.77,35.0058288574219,5.842,International Debt Statistics (IDS) Database (December 2023)
Somalia,2019,0.0,4.18987464904785,,International Debt Statistics (IDS) Database (December 2023)
Sao Tome and Principe,2019,8.63,17.5924453735352,9.778,International Debt Statistics (IDS) Database (December 2023)
Eswatini,2019,3.48,18.5068969726562,11.234,International Debt Statistics (IDS) Database (December 2023)
Chad,2019,8.42,14.2137899398804,4.888,International Debt Statistics (IDS) Database (December 2023)
Togo,2019,7.47,19.2347831726074,5.382,International Debt Statistics (IDS) Database (December 2023)
Tunisia,2019,20.24,,12.079,International Debt Statistics (IDS) Database (December 2023)
Tanzania,2019,11.21,14.2921085357666,9.438,International Debt Statistics (IDS) Database (December 2023)
Uganda,2019,4.06,8.89710712432861,3.139,International Debt Statistics (IDS) Database (December 2023)
South Africa,2019,6.28,18.6945037841797,15.29,International Debt Statistics (IDS) Database (December 2023)
Zambia,2019,15.56,15.2918653488159,7.573,International Debt Statistics (IDS) Database (December 2023)
Zimbabwe,2019,2.27,,,International Debt Statistics (IDS) Database (December 2023)
Angola,2020,52.37,6.46722650527954,7.305,International Debt Statistics (IDS) Database (December 2023)
Burundi,2020,1.55,20.7419528961182,7.333,International Debt Statistics (IDS) Database (December 2023)
Benin,2020,7.04,,1.447,International Debt Statistics (IDS) Database (December 2023)
Burkina Faso,2020,3.12,21.1117172241211,11.647,International Debt Statistics (IDS) Database (December 2023)
Botswana,2020,3.1,21.465087890625,11.664,International Debt Statistics (IDS) Database (December 2023)
Central African Republic,2020,0.68,9.78244304656982,4.864,International Debt Statistics (IDS) Database (December 2023)
Cote d'Ivoire,2020,14.76,18.9351291656494,6.538,International Debt Statistics (IDS) Database (December 2023)
Cameroon,2020,14.05,14.4511222839355,3.66,International Debt Statistics (IDS) Database (December 2023)
DR Congo,2020,3.54,,5.084,International Debt Statistics (IDS) Database (December 2023)
Congo Republic,2020,26.23,18.2882461547852,8.217,International Debt Statistics (IDS) Database (December 2023)
Comoros,2020,1.44,11.4759645462036,6.89,International Debt Statistics (IDS) Database (December 2023)
Cabo Verde,2020,9.39,17.0901870727539,11.857,International Debt Statistics (IDS) Database (December 2023)
Djibouti,2020,6.57,,4.224,International Debt Statistics (IDS) Database (December 2023)
Algeria,2020,0.16,16.5491714477539,8.83,International Debt Statistics (IDS) Database (December 2023)
Egypt,2020,11.64,,5.161,International Debt Statistics (IDS) Database (December 2023)
Ethiopia,2020,14.09,22.4477195739746,6.792,International Debt Statistics (IDS) Database (December 2023)
Gabon,2020,46.26,15.7641649246216,9.592,International Debt Statistics (IDS) Database (December 2023)
Ghana,2020,11.1,13.6294746398926,6.7,International Debt Statistics (IDS) Database (December 2023)
Guinea,2020,3.25,14.290060043335,4.537,International Debt Statistics (IDS) Database (December 2023)
Gambia,2020,6.63,14.2760601043701,9.641,International Debt Statistics (IDS) Database (December 2023)
Guinea-Bissau,2020,6.03,,4.795,International Debt Statistics (IDS) Database (December 2023)
Kenya,2020,9.83,17.9213333129883,8.912,International Debt Statistics (IDS) Database (December 2023)
Liberia,2020,2.26,13.713475227356,,International Debt Statistics (IDS) Database (December 2023)
Lesotho,2020,5.25,14.7712154388428,8.95,International Debt Statistics (IDS) Database (December 2023)
Morocco,2020,10.36,24.1580944061279,7.221,International Debt Statistics (IDS) Database (December 2023)
Madagascar,2020,4.87,15.3369636535645,4.218,International Debt Statistics (IDS) Database (December 2023)
Mali,2020,5.09,15.1426095962524,5.371,International Debt Statistics (IDS) Database (December 2023)
Mozambique,2020,13.76,17.934928894043,7.29,International Debt Statistics (IDS) Database (December 2023)
Mauritania,2020,17.18,9.72708988189697,8.198,International Debt Statistics (IDS) Database (December 2023)
Mauritius,2020,10.06,12.5279674530029,10.202,International Debt Statistics (IDS) Database (December 2023)
Malawi,2020,2.7,,6.873,International Debt Statistics (IDS) Database (December 2023)
Niger,2020,5.61,13.3325395584106,10.344,International Debt Statistics (IDS) Database (December 2023)
Nigeria,2020,3.01,,4.188,International Debt Statistics (IDS) Database (December 2023)
Rwanda,2020,3.33,10.7835245132446,9.044,International Debt Statistics (IDS) Database (December 2023)
Sudan,2020,3.82,,9.588,International Debt Statistics (IDS) Database (December 2023)
Senegal,2020,12.39,22.4792823791504,6.481,International Debt Statistics (IDS) Database (December 2023)
Sierra Leone,2020,4.86,34.2441902160645,5.302,International Debt Statistics (IDS) Database (December 2023)
Somalia,2020,101.85,,,International Debt Statistics (IDS) Database (December 2023)
Sao Tome and Principe,2020,2.27,16.1259365081787,12.804,International Debt Statistics (IDS) Database (December 2023)
Eswatini,2020,4.46,15.8905391693115,10.394,International Debt Statistics (IDS) Database (December 2023)
Chad,2020,8.84,11.6715059280396,4.758,International Debt Statistics (IDS) Database (December 2023)
Togo,2020,4.89,18.1434535980225,3.851,International Debt Statistics (IDS) Database (December 2023)
Tunisia,2020,16.33,,12.495,International Debt Statistics (IDS) Database (December 2023)
Tanzania,2020,10.85,13.6285581588745,4.94,International Debt Statistics (IDS) Database (December 2023)
Uganda,2020,3.94,8.52880477905273,4.395,International Debt Statistics (IDS) Database (December 2023)
South Africa,2020,9.5,18.484130859375,15.29,International Debt Statistics (IDS) Database (December 2023)
Zambia,2020,11.83,12.3780250549316,10.56,International Debt Statistics (IDS) Database (December 2023)
Zimbabwe,2020,1.27,15.6666107177734,,International Debt Statistics (IDS) Database (December 2023)
Angola,2021,60.95,6.91961002349854,8.777,International Debt Statistics (IDS) Database (December 2023)
Burundi,2021,1.84,20.4385395050049,7.333,International Debt Statistics (IDS) Database (December 2023)
Benin,2021,20.73,17.5955581665039,1.601,International Debt Statistics (IDS) Database (December 2023)
Burkina Faso,2021,2.6,21.561954498291,9.838,International Debt Statistics (IDS) Database (December 2023)
Botswana,2021,2.53,,14.615,International Debt Statistics (IDS) Database (December 2023)
Central African Republic,2021,1.32,9.08869171142578,6.424,International Debt Statistics (IDS) Database (December 2023)
Cote d'Ivoire,2021,8.64,16.5771293640137,4.964,International Debt Statistics (IDS) Database (December 2023)
Cameroon,2021,10.39,15.0479040145874,2.861,International Debt Statistics (IDS) Database (December 2023)
DR Congo,2021,3.88,21.6123027801514,4.004,International Debt Statistics (IDS) Database (December 2023)
Congo Republic,2021,13.77,17.8783512115479,8.217,International Debt Statistics (IDS) Database (December 2023)
Comoros,2021,0.63,10.2856864929199,4.723,International Debt Statistics (IDS) Database (December 2023)
Cabo Verde,2021,8.62,15.1129817962646,15.751,International Debt Statistics (IDS) Database (December 2023)
Djibouti,2021,6.18,,3.994,International Debt Statistics (IDS) Database (December 2023)
Algeria,2021,0.2,16.0506973266602,8.813,International Debt Statistics (IDS) Database (December 2023)
Egypt,2021,15.42,,6.799,International Debt Statistics (IDS) Database (December 2023)
Ethiopia,2021,14.7,23.5620422363281,7.097,International Debt Statistics (IDS) Database (December 2023)
Gabon,2021,33.34,15.3551635742188,9.592,International Debt Statistics (IDS) Database (December 2023)
Ghana,2021,13.6,12.1674146652222,8.202,International Debt Statistics (IDS) Database (December 2023)
Guinea,2021,4.58,11.5016679763794,4.49,International Debt Statistics (IDS) Database (December 2023)
Gambia,2021,7.67,15.6218185424805,7.538,International Debt Statistics (IDS) Database (December 2023)
Guinea-Bissau,2021,10.17,,4.554,International Debt Statistics (IDS) Database (December 2023)
Kenya,2021,7.89,,9.282,International Debt Statistics (IDS) Database (December 2023)
Liberia,2021,1.89,7.38740015029907,,International Debt Statistics (IDS) Database (December 2023)
Lesotho,2021,22.57,14.3879871368408,8.418,International Debt Statistics (IDS) Database (December 2023)
Morocco,2021,10.18,23.7564830780029,7.181,International Debt Statistics (IDS) Database (December 2023)
Madagascar,2021,6.46,15.5161895751953,5.378,International Debt Statistics (IDS) Database (December 2023)
Mali,2021,5.19,16.2182102203369,4.962,International Debt Statistics (IDS) Database (December 2023)
Mozambique,2021,11.12,18.7598094940186,8.153,International Debt Statistics (IDS) Database (December 2023)
Mauritania,2021,20.72,9.10482025146484,8.34,International Debt Statistics (IDS) Database (December 2023)
Mauritius,2021,5.65,11.6664562225342,10.202,International Debt Statistics (IDS) Database (December 2023)
Malawi,2021,2.77,,5.756,International Debt Statistics (IDS) Database (December 2023)
Niger,2021,5.32,11.952615737915,8.747,International Debt Statistics (IDS) Database (December 2023)
Nigeria,2021,4.77,,4.056,International Debt Statistics (IDS) Database (December 2023)
Rwanda,2021,13.21,15.5322399139404,9.473,International Debt Statistics (IDS) Database (December 2023)
Sudan,2021,49.75,,7.861,International Debt Statistics (IDS) Database (December 2023)
Senegal,2021,20.31,21.5246601104736,4.37,International Debt Statistics (IDS) Database (December 2023)
Sierra Leone,2021,4.45,33.4194717407227,6.851,International Debt Statistics (IDS) Database (December 2023)
Somalia,2021,3.61,,,International Debt Statistics (IDS) Database (December 2023)
Sao Tome and Principe,2021,1.92,16.5841903686523,13.143,International Debt Statistics (IDS) Database (December 2023)
Eswatini,2021,4.51,15.3408699035645,12.301,International Debt Statistics (IDS) Database (December 2023)
Chad,2021,14.39,15.6600399017334,4.779,International Debt Statistics (IDS) Database (December 2023)
Togo,2021,5.93,17.4534244537354,2.561,International Debt Statistics (IDS) Database (December 2023)
Tunisia,2021,22.29,,12.397,International Debt Statistics (IDS) Database (December 2023)
Tanzania,2021,12.31,13.5370082855225,5.135,International Debt Statistics (IDS) Database (December 2023)
Uganda,2021,6.73,8.21456050872803,4.882,International Debt Statistics (IDS) Database (December 2023)
South Africa,2021,8.28,18.4859790802002,15.29,International Debt Statistics (IDS) Database (December 2023)
Zambia,2021,5.94,,9.255,International Debt Statistics (IDS) Database (December 2023)
Zimbabwe,2021,1.74,,,International Debt Statistics (IDS) Database (December 2023)
Angola,2022,31.38,6.64047193527222,,International Debt Statistics (IDS) Database (December 2023)
Burundi,2022,1.95,20.6370830535889,,International Debt Statistics (IDS) Database (December 2023)
Benin,2022,13.15,17.1879959106445,,International Debt Statistics (IDS) Database (December 2023)
Burkina Faso,2022,2.99,21.9580974578857,,International Debt Statistics (IDS) Database (December 2023)
Botswana,2022,2.73,,,International Debt Statistics (IDS) Database (December 2023)
Central African Republic,2022,1.66,10.7420520782471,,International Debt Statistics (IDS) Database (December 2023)
Cote d'Ivoire,2022,10.59,16.3901405334473,,International Debt Statistics (IDS) Database (December 2023)
Cameroon,2022,21.81,12.766975402832,,International Debt Statistics (IDS) Database (December 2023)
DR Congo,2022,5.59,18.4080238342285,,International Debt Statistics (IDS) Database (December 2023)
Congo Republic,2022,25.9,16.6348667144775,,International Debt Statistics (IDS) Database (December 2023)
Comoros,2022,0.76,10.4760227203369,,International Debt Statistics (IDS) Database (December 2023)
Cabo Verde,2022,16.19,,,International Debt Statistics (IDS) Database (December 2023)
Djibouti,2022,6.95,,,International Debt Statistics (IDS) Database (December 2023)
Algeria,2022,0.17,13.1015062332153,,International Debt Statistics (IDS) Database (December 2023)
Egypt,2022,12.49,,,International Debt Statistics (IDS) Database (December 2023)
Ethiopia,2022,13.2,23.0064029693604,,International Debt Statistics (IDS) Database (December 2023)
Gabon,2022,12.21,13.8033790588379,,International Debt Statistics (IDS) Database (December 2023)
Ghana,2022,9.72,13.1793041229248,,International Debt Statistics (IDS) Database (December 2023)
Guinea,2022,6.79,11.9496955871582,,International Debt Statistics (IDS) Database (December 2023)
Gambia,2022,6.51,14.4843282699585,,International Debt Statistics (IDS) Database (December 2023)
Guinea-Bissau,2022,16.8,,,International Debt Statistics (IDS) Database (December 2023)
Kenya,2022,11.14,,,International Debt Statistics (IDS) Database (December 2023)
Liberia,2022,2.91,11.7272119522095,,International Debt Statistics (IDS) Database (December 2023)
Lesotho,2022,24.88,12.3906240463257,,International Debt Statistics (IDS) Database (December 2023)
Morocco,2022,10.45,23.865665435791,,International Debt Statistics (IDS) Database (December 2023)
Madagascar,2022,5.46,13.8535928726196,,International Debt Statistics (IDS) Database (December 2023)
Mali,2022,6.11,18.1899967193604,,International Debt Statistics (IDS) Database (December 2023)
Mozambique,2022,10.8,,,International Debt Statistics (IDS) Database (December 2023)
Mauritania,2022,11.89,5.03963994979858,,International Debt Statistics (IDS) Database (December 2023)
Mauritius,2022,5.22,,,International Debt Statistics (IDS) Database (December 2023)
Malawi,2022,3.03,,,International Debt Statistics (IDS) Database (December 2023)
Niger,2022,7.61,12.3714513778687,,International Debt Statistics (IDS) Database (December 2023)
Nigeria,2022,4.25,,,International Debt Statistics (IDS) Database (December 2023)
Rwanda,2022,4.21,12.4994096755981,,International Debt Statistics (IDS) Database (December 2023)
Sudan,2022,2.85,,,International Debt Statistics (IDS) Database (December 2023)
Senegal,2022,13.78,22.1659870147705,,International Debt Statistics (IDS) Database (December 2023)
Sierra Leone,2022,5.22,,,International Debt Statistics (IDS) Database (December 2023)
Somalia,2022,2.14,,,International Debt Statistics (IDS) Database (December 2023)
Sao Tome and Principe,2022,4.63,17.0863285064697,,International Debt Statistics (IDS) Database (December 2023)
Eswatini,2022,4.04,16.6209316253662,,International Debt Statistics (IDS) Database (December 2023)
Chad,2022,9.65,16.7226104736328,,International Debt Statistics (IDS) Database (December 2023)
Togo,2022,8.36,14.4758195877075,,International Debt Statistics (IDS) Database (December 2023)
Tunisia,2022,17.34,,,International Debt Statistics (IDS) Database (December 2023)
Tanzania,2022,10.9,14.3321094512939,,International Debt Statistics (IDS) Database (December 2023)
Uganda,2022,7.23,8.48236465454102,,International Debt Statistics (IDS) Database (December 2023)
South Africa,2022,10.25,19.7500400543213,,International Debt Statistics (IDS) Database (December 2023)
Zambia,2022,5.3,10.4478139877319,,International Debt Statistics (IDS) Database (December 2023)
Zimbabwe,2022,0.45,,,International Debt Statistics (IDS) Database (December 2023)
Angola,2023,63.72,,,International Debt Statistics (IDS) Database (December 2023)
Burundi,2023,3.39,,,International Debt Statistics (IDS) Database (December 2023)
Benin,2023,17.93,,,International Debt Statistics (IDS) Database (December 2023)
Burkina Faso,2023,5.84,,,International Debt Statistics (IDS) Database (December 2023)
Botswana,2023,3.95,,,International Debt Statistics (IDS) Database (December 2023)
Central African Republic,2023,4.86,,,International Debt Statistics (IDS) Database (December 2023)
Cote d'Ivoire,2023,17.6,,,International Debt Statistics (IDS) Database (December 2023)
Cameroon,2023,22.19,,,International Debt Statistics (IDS) Database (December 2023)
DR Congo,2023,7.01,,,International Debt Statistics (IDS) Database (December 2023)
Congo Republic,2023,29.04,,,International Debt Statistics (IDS) Database (December 2023)
Comoros,2023,9.75,,,International Debt Statistics (IDS) Database (December 2023)
Cabo Verde,2023,22.92,,,International Debt Statistics (IDS) Database (December 2023)
Djibouti,2023,35.24,,,International Debt Statistics (IDS) Database (December 2023)
Algeria,2023,0.12,,,International Debt Statistics (IDS) Database (December 2023)
Egypt,2023,17.05,,,International Debt Statistics (IDS) Database (December 2023)
Ethiopia,2023,17.68,,,International Debt Statistics (IDS) Database (December 2023)
Gabon,2023,15.52,,,International Debt Statistics (IDS) Database (December 2023)
Ghana,2023,19.3,,,International Debt Statistics (IDS) Database (December 2023)
Guinea,2023,12.96,,,International Debt Statistics (IDS) Database (December 2023)
Gambia,2023,17.62,,,International Debt Statistics (IDS) Database (December 2023)
Guinea-Bissau,2023,14.68,,,International Debt Statistics (IDS) Database (December 2023)
Kenya,2023,14.23,,,International Debt Statistics (IDS) Database (December 2023)
Liberia,2023,5.35,,,International Debt Statistics (IDS) Database (December 2023)
Lesotho,2023,7.81,,,International Debt Statistics (IDS) Database (December 2023)
Morocco,2023,8.37,,,International Debt Statistics (IDS) Database (December 2023)
Madagascar,2023,7.12,,,International Debt Statistics (IDS) Database (December 2023)
Mali,2023,7.17,,,International Debt Statistics (IDS) Database (December 2023)
Mozambique,2023,12.67,,,International Debt Statistics (IDS) Database (December 2023)
Mauritania,2023,21.59,,,International Debt Statistics (IDS) Database (December 2023)
Mauritius,2023,27.51,,,International Debt Statistics (IDS) Database (December 2023)
Malawi,2023,3.8,,,International Debt Statistics (IDS) Database (December 2023)
Niger,2023,12.35,,,International Debt Statistics (IDS) Database (December 2023)
Nigeria,2023,7.84,,,International Debt Statistics (IDS) Database (December 2023)
Rwanda,2023,6.87,,,International Debt Statistics (IDS) Database (December 2023)
Sudan,2023,20.75,,,International Debt Statistics (IDS) Database (December 2023)
Senegal,2023,17.7,,,International Debt Statistics (IDS) Database (December 2023)
Sierra Leone,2023,7.05,,,International Debt Statistics (IDS) Database (December 2023)
Somalia,2023,7.23,,,International Debt Statistics (IDS) Database (December 2023)
Sao Tome and Principe,2023,7.16,,,International Debt Statistics (IDS) Database (December 2023)
Eswatini,2023,5.49,,,International Debt Statistics (IDS) Database (December 2023)
Chad,2023,11.39,,,International Debt Statistics (IDS) Database (December 2023)
Togo,2023,8.75,,,International Debt Statistics (IDS) Database (December 2023)
Tunisia,2023,18.08,,,International Debt Statistics (IDS) Database (December 2023)
Tanzania,2023,11.37,,,International Debt Statistics (IDS) Database (December 2023)
Uganda,2023,10.81,,,International Debt Statistics (IDS) Database (December 2023)
South Africa,2023,5.7,,,International Debt Statistics (IDS) Database (December 2023)
Zambia,2023,25.85,,,International Debt Statistics (IDS) Database (December 2023)
Zimbabwe,2023,2.09,,,International Debt Statistics (IDS) Database (December 2023)
Angola,2024,69.27,,,International Debt Statistics (IDS) Database (December 2023)
Burundi,2024,5.28,,,International Debt Statistics (IDS) Database (December 2023)
Benin,2024,20.14,,,International Debt Statistics (IDS) Database (December 2023)
Burkina Faso,2024,6.06,,,International Debt Statistics (IDS) Database (December 2023)
Botswana,2024,3.26,,,International Debt Statistics (IDS) Database (December 2023)
Central African Republic,2024,4.85,,,International Debt Statistics (IDS) Database (December 2023)
Cote d'Ivoire,2024,17.96,,,International Debt Statistics (IDS) Database (December 2023)
Cameroon,2024,19.2,,,International Debt Statistics (IDS) Database (December 2023)
DR Congo,2024,5.25,,,International Debt Statistics (IDS) Database (December 2023)
Congo Republic,2024,24.89,,,International Debt Statistics (IDS) Database (December 2023)
Comoros,2024,11.07,,,International Debt Statistics (IDS) Database (December 2023)
Cabo Verde,2024,18.18,,,International Debt Statistics (IDS) Database (December 2023)
Djibouti,2024,34.02,,,International Debt Statistics (IDS) Database (December 2023)
Algeria,2024,0.1,,,International Debt Statistics (IDS) Database (December 2023)
Egypt,2024,19.1,,,International Debt Statistics (IDS) Database (December 2023)
Ethiopia,2024,18.43,,,International Debt Statistics (IDS) Database (December 2023)
Gabon,2024,16.47,,,International Debt Statistics (IDS) Database (December 2023)
Ghana,2024,17.12,,,International Debt Statistics (IDS) Database (December 2023)
Guinea,2024,17.42,,,International Debt Statistics (IDS) Database (December 2023)
Gambia,2024,18.26,,,International Debt Statistics (IDS) Database (December 2023)
Guinea-Bissau,2024,15.76,,,International Debt Statistics (IDS) Database (December 2023)
Kenya,2024,22.61,,,International Debt Statistics (IDS) Database (December 2023)
Liberia,2024,6.01,,,International Debt Statistics (IDS) Database (December 2023)
Lesotho,2024,8.63,,,International Debt Statistics (IDS) Database (December 2023)
Morocco,2024,15.44,,,International Debt Statistics (IDS) Database (December 2023)
Madagascar,2024,17.16,,,International Debt Statistics (IDS) Database (December 2023)
Mali,2024,7.32,,,International Debt Statistics (IDS) Database (December 2023)
Mozambique,2024,11.97,,,International Debt Statistics (IDS) Database (December 2023)
Mauritania,2024,19.31,,,International Debt Statistics (IDS) Database (December 2023)
Mauritius,2024,12.11,,,International Debt Statistics (IDS) Database (December 2023)
Malawi,2024,5.4,,,International Debt Statistics (IDS) Database (December 2023)
Niger,2024,9.31,,,International Debt Statistics (IDS) Database (December 2023)
Nigeria,2024,7.73,,,International Debt Statistics (IDS) Database (December 2023)
Rwanda,2024,6.53,,,International Debt Statistics (IDS) Database (December 2023)
Sudan,2024,18.45,,,International Debt Statistics (IDS) Database (December 2023)
Senegal,2024,19.33,,,International Debt Statistics (IDS) Database (December 2023)
Sierra Leone,2024,7.85,,,International Debt Statistics (IDS) Database (December 2023)
Somalia,2024,5.75,,,International Debt Statistics (IDS) Database (December 2023)
Sao Tome and Principe,2024,9.28,,,International Debt Statistics (IDS) Database (December 2023)
Eswatini,2024,6.2,,,International Debt Statistics (IDS) Database (December 2023)
Chad,2024,12.84,,,International Debt Statistics (IDS) Database (December 2023)
Togo,2024,9.86,,,International Debt Statistics (IDS) Database (December 2023)
Tunisia,2024,22.02,,,International Debt Statistics (IDS) Database (December 2023)
Tanzania,2024,10.7,,,International Debt Statistics (IDS) Database (December 2023)
Uganda,2024,10.81,,,International Debt Statistics (IDS) Database (December 2023)
South Africa,2024,7.21,,,International Debt Statistics (IDS) Database (December 2023)
Zambia,2024,36.23,,,International Debt Statistics (IDS) Database (December 2023)
Zimbabwe,2024,1.72,,,International Debt Statistics (IDS) Database (December 2023)
