Donor,Year,Total ODA,ODA short of 0.7% commitment,ODA/GNI,source
Australia,2023,3.25 billion,8.50 billion,0.194,OECD DAC Creditor Reporting System (CRS)
Austria,2023,1.95 billion,1.63 billion,0.382,OECD DAC Creditor Reporting System (CRS)
Belgium,2023,2.83 billion,1.68 billion,0.439,OECD DAC Creditor Reporting System (CRS)
Canada,2023,8.07 billion,6.68 billion,0.383,OECD DAC Creditor Reporting System (CRS)
Czech Republic,2023,789.4 million,1.49 billion,0.242,OECD DAC Creditor Reporting System (CRS)
"DAC Countries, Total",2023,223.72 billion,196.60 billion,0.373,OECD DAC Creditor Reporting System (CRS)
Denmark,2023,3.08 billion,0.0 million,0.742,OECD DAC Creditor Reporting System (CRS)
Estonia,2023,109.3 million,168.3 million,0.276,OECD DAC Creditor Reporting System (CRS)
Finland,2023,1.57 billion,527.2 million,0.524,OECD DAC Creditor Reporting System (CRS)
France,2023,15.43 billion,6.22 billion,0.499,OECD DAC Creditor Reporting System (CRS)
Germany,2023,36.68 billion,0.0 million,0.791,OECD DAC Creditor Reporting System (CRS)
Greece,2023,325.3 million,1.35 billion,0.136,OECD DAC Creditor Reporting System (CRS)
Hungary,2023,304.3 million,1.13 billion,0.148,OECD DAC Creditor Reporting System (CRS)
Iceland,2023,115.5 million,106.5 million,0.364,OECD DAC Creditor Reporting System (CRS)
Ireland,2023,2.82 billion,132.6 million,0.669,OECD DAC Creditor Reporting System (CRS)
Italy,2023,6.01 billion,9.75 billion,0.267,OECD DAC Creditor Reporting System (CRS)
Japan,2023,19.60 billion,11.56 billion,0.44,OECD DAC Creditor Reporting System (CRS)
Korea,2023,3.13 billion,9.08 billion,0.18,OECD DAC Creditor Reporting System (CRS)
Lithuania,2023,190.7 million,283.0 million,0.282,OECD DAC Creditor Reporting System (CRS)
Luxembourg,2023,580.1 million,0.0 million,0.986,OECD DAC Creditor Reporting System (CRS)
Netherlands,2023,7.36 billion,401.7 million,0.664,OECD DAC Creditor Reporting System (CRS)
New Zealand,2023,746.4 million,969.8 million,0.304,OECD DAC Creditor Reporting System (CRS)
Norway,2023,5.55 billion,0.0 million,1.092,OECD DAC Creditor Reporting System (CRS)
Poland,2023,2.60 billion,2.81 billion,0.336,OECD DAC Creditor Reporting System (CRS)
Portugal,2023,526.4 million,1.45 billion,0.187,OECD DAC Creditor Reporting System (CRS)
Slovak Republic,2023,174.5 million,730.1 million,0.135,OECD DAC Creditor Reporting System (CRS)
Slovenia,2023,162.9 million,309.2 million,0.242,OECD DAC Creditor Reporting System (CRS)
Spain,2023,3.83 billion,7.17 billion,0.244,OECD DAC Creditor Reporting System (CRS)
Sweden,2023,5.61 billion,0.0 million,0.908,OECD DAC Creditor Reporting System (CRS)
Switzerland,2023,5.16 billion,905.3 million,0.596,OECD DAC Creditor Reporting System (CRS)
United Kingdom,2023,19.11 billion,3.97 billion,0.58,OECD DAC Creditor Reporting System (CRS)
United States,2023,66.04 billion,125.45 billion,0.241,OECD DAC Creditor Reporting System (CRS)
Australia,2022,3.05 billion,8.33 billion,0.187,OECD DAC Creditor Reporting System (CRS)
Austria,2022,1.85 billion,1.44 billion,0.394,OECD DAC Creditor Reporting System (CRS)
Belgium,2022,2.66 billion,1.45 billion,0.453,OECD DAC Creditor Reporting System (CRS)
Canada,2022,7.84 billion,6.98 billion,0.37,OECD DAC Creditor Reporting System (CRS)
Czech Republic,2022,1.05 billion,887.7 million,0.38,OECD DAC Creditor Reporting System (CRS)
"DAC Countries, Total",2022,210.66 billion,185.53 billion,0.372,OECD DAC Creditor Reporting System (CRS)
Denmark,2022,2.77 billion,123.2 million,0.67,OECD DAC Creditor Reporting System (CRS)
Estonia,2022,200.9 million,60.1 million,0.539,OECD DAC Creditor Reporting System (CRS)
Finland,2022,1.62 billion,356.2 million,0.574,OECD DAC Creditor Reporting System (CRS)
France,2022,16.01 billion,4.02 billion,0.56,OECD DAC Creditor Reporting System (CRS)
Germany,2022,35.64 billion,0.0 million,0.847,OECD DAC Creditor Reporting System (CRS)
Greece,2022,360.4 million,1.17 billion,0.165,OECD DAC Creditor Reporting System (CRS)
Hungary,2022,371.3 million,631.9 million,0.259,OECD DAC Creditor Reporting System (CRS)
Iceland,2022,94.4 million,100.9 million,0.338,OECD DAC Creditor Reporting System (CRS)
Ireland,2022,2.41 billion,266.3 million,0.63,OECD DAC Creditor Reporting System (CRS)
Italy,2022,6.65 billion,7.57 billion,0.327,OECD DAC Creditor Reporting System (CRS)
Japan,2022,17.50 billion,14.02 billion,0.389,OECD DAC Creditor Reporting System (CRS)
Korea,2022,2.81 billion,9.08 billion,0.165,OECD DAC Creditor Reporting System (CRS)
Lithuania,2022,243.3 million,232.2 million,0.358,OECD DAC Creditor Reporting System (CRS)
Luxembourg,2022,530.1 million,0.0 million,0.996,OECD DAC Creditor Reporting System (CRS)
Netherlands,2022,6.47 billion,309.2 million,0.668,OECD DAC Creditor Reporting System (CRS)
New Zealand,2022,515.2 million,1.14 billion,0.218,OECD DAC Creditor Reporting System (CRS)
Norway,2022,5.16 billion,0.0 million,0.863,OECD DAC Creditor Reporting System (CRS)
Poland,2022,3.50 billion,1.12 billion,0.53,OECD DAC Creditor Reporting System (CRS)
Portugal,2022,522.8 million,1.21 billion,0.211,OECD DAC Creditor Reporting System (CRS)
Slovak Republic,2022,171.9 million,610.0 million,0.154,OECD DAC Creditor Reporting System (CRS)
Slovenia,2022,168.7 million,243.1 million,0.287,OECD DAC Creditor Reporting System (CRS)
Spain,2022,4.28 billion,5.61 billion,0.303,OECD DAC Creditor Reporting System (CRS)
Sweden,2022,5.46 billion,0.0 million,0.891,OECD DAC Creditor Reporting System (CRS)
Switzerland,2022,4.50 billion,1.12 billion,0.561,OECD DAC Creditor Reporting System (CRS)
United Kingdom,2022,15.76 billion,5.86 billion,0.51,OECD DAC Creditor Reporting System (CRS)
United States,2022,60.52 billion,120.10 billion,0.235,OECD DAC Creditor Reporting System (CRS)
Australia,2021,3.55 billion,7.66 billion,0.221,OECD DAC Creditor Reporting System (CRS)
Austria,2021,1.47 billion,1.86 billion,0.308,OECD DAC Creditor Reporting System (CRS)
Belgium,2021,2.62 billion,1.62 billion,0.433,OECD DAC Creditor Reporting System (CRS)
Canada,2021,6.30 billion,7.52 billion,0.319,OECD DAC Creditor Reporting System (CRS)
Czech Republic,2021,366.1 million,1.53 billion,0.135,OECD DAC Creditor Reporting System (CRS)
"DAC Countries, Total",2021,186.08 billion,204.25 billion,0.334,OECD DAC Creditor Reporting System (CRS)
Denmark,2021,2.92 billion,0.0 million,0.711,OECD DAC Creditor Reporting System (CRS)
Estonia,2021,60.2 million,195.6 million,0.165,OECD DAC Creditor Reporting System (CRS)
Finland,2021,1.44 billion,688.1 million,0.474,OECD DAC Creditor Reporting System (CRS)
France,2021,15.51 billion,5.79 billion,0.51,OECD DAC Creditor Reporting System (CRS)
Germany,2021,33.27 billion,0.0 million,0.765,OECD DAC Creditor Reporting System (CRS)
Greece,2021,340.9 million,1.18 billion,0.157,OECD DAC Creditor Reporting System (CRS)
Hungary,2021,435.1 million,650.1 million,0.281,OECD DAC Creditor Reporting System (CRS)
Iceland,2021,70.8 million,108.0 million,0.277,OECD DAC Creditor Reporting System (CRS)
Ireland,2021,1.15 billion,1.52 billion,0.302,OECD DAC Creditor Reporting System (CRS)
Italy,2021,6.09 billion,8.79 billion,0.286,OECD DAC Creditor Reporting System (CRS)
Japan,2021,17.64 billion,19.10 billion,0.336,OECD DAC Creditor Reporting System (CRS)
Korea,2021,2.87 billion,9.94 billion,0.157,OECD DAC Creditor Reporting System (CRS)
Lithuania,2021,86.4 million,354.9 million,0.137,OECD DAC Creditor Reporting System (CRS)
Luxembourg,2021,539.4 million,0.0 million,0.988,OECD DAC Creditor Reporting System (CRS)
Netherlands,2021,5.29 billion,1.78 billion,0.524,OECD DAC Creditor Reporting System (CRS)
New Zealand,2021,685.3 million,1.03 billion,0.28,OECD DAC Creditor Reporting System (CRS)
Norway,2021,4.67 billion,0.0 million,0.926,OECD DAC Creditor Reporting System (CRS)
Poland,2021,983.5 million,3.55 billion,0.152,OECD DAC Creditor Reporting System (CRS)
Portugal,2021,458.9 million,1.29 billion,0.183,OECD DAC Creditor Reporting System (CRS)
Slovak Republic,2021,155.3 million,638.1 million,0.137,OECD DAC Creditor Reporting System (CRS)
Slovenia,2021,116.2 million,309.9 million,0.191,OECD DAC Creditor Reporting System (CRS)
Spain,2021,3.64 billion,6.28 billion,0.257,OECD DAC Creditor Reporting System (CRS)
Sweden,2021,5.93 billion,0.0 million,0.907,OECD DAC Creditor Reporting System (CRS)
Switzerland,2021,3.91 billion,1.57 billion,0.5,OECD DAC Creditor Reporting System (CRS)
United Kingdom,2021,15.71 billion,6.11 billion,0.504,OECD DAC Creditor Reporting System (CRS)
United States,2021,47.80 billion,118.70 billion,0.201,OECD DAC Creditor Reporting System (CRS)
Australia,2020,2.87 billion,6.51 billion,0.214,OECD DAC Creditor Reporting System (CRS)
Austria,2020,1.27 billion,1.73 billion,0.296,OECD DAC Creditor Reporting System (CRS)
Belgium,2020,2.34 billion,1.09 billion,0.478,OECD DAC Creditor Reporting System (CRS)
Canada,2020,5.05 billion,6.33 billion,0.311,OECD DAC Creditor Reporting System (CRS)
Czech Republic,2020,299.1 million,1.36 billion,0.126,OECD DAC Creditor Reporting System (CRS)
"DAC Countries, Total",2020,162.32 billion,186.89 billion,0.325,OECD DAC Creditor Reporting System (CRS)
Denmark,2020,2.65 billion,0.0 million,0.72,OECD DAC Creditor Reporting System (CRS)
Estonia,2020,49.9 million,160.9 million,0.166,OECD DAC Creditor Reporting System (CRS)
Finland,2020,1.28 billion,635.1 million,0.468,OECD DAC Creditor Reporting System (CRS)
France,2020,14.12 billion,4.54 billion,0.53,OECD DAC Creditor Reporting System (CRS)
Germany,2020,28.71 billion,0.0 million,0.734,OECD DAC Creditor Reporting System (CRS)
Greece,2020,325.7 million,991.0 million,0.173,OECD DAC Creditor Reporting System (CRS)
Hungary,2020,417.9 million,662.2 million,0.271,OECD DAC Creditor Reporting System (CRS)
Iceland,2020,57.9 million,92.8 million,0.269,OECD DAC Creditor Reporting System (CRS)
Ireland,2020,987.8 million,1.28 billion,0.305,OECD DAC Creditor Reporting System (CRS)
Italy,2020,4.25 billion,9.06 billion,0.223,OECD DAC Creditor Reporting System (CRS)
Japan,2020,16.26 billion,20.30 billion,0.311,OECD DAC Creditor Reporting System (CRS)
Korea,2020,2.25 billion,9.30 billion,0.136,OECD DAC Creditor Reporting System (CRS)
Lithuania,2020,72.0 million,307.3 million,0.133,OECD DAC Creditor Reporting System (CRS)
Luxembourg,2020,452.3 million,0.0 million,1.03,OECD DAC Creditor Reporting System (CRS)
Netherlands,2020,5.36 billion,973.9 million,0.592,OECD DAC Creditor Reporting System (CRS)
New Zealand,2020,529.7 million,896.2 million,0.26,OECD DAC Creditor Reporting System (CRS)
Norway,2020,4.20 billion,0.0 million,1.109,OECD DAC Creditor Reporting System (CRS)
Poland,2020,829.2 million,3.21 billion,0.144,OECD DAC Creditor Reporting System (CRS)
Portugal,2020,413.0 million,1.16 billion,0.184,OECD DAC Creditor Reporting System (CRS)
Slovak Republic,2020,141.2 million,576.6 million,0.138,OECD DAC Creditor Reporting System (CRS)
Slovenia,2020,90.7 million,273.6 million,0.174,OECD DAC Creditor Reporting System (CRS)
Spain,2020,2.99 billion,6.00 billion,0.233,OECD DAC Creditor Reporting System (CRS)
Sweden,2020,6.35 billion,0.0 million,1.139,OECD DAC Creditor Reporting System (CRS)
Switzerland,2020,3.56 billion,1.51 billion,0.491,OECD DAC Creditor Reporting System (CRS)
United Kingdom,2020,18.57 billion,50.7 million,0.698,OECD DAC Creditor Reporting System (CRS)
United States,2020,35.58 billion,113.43 billion,0.167,OECD DAC Creditor Reporting System (CRS)
Australia,2019,2.89 billion,6.53 billion,0.215,OECD DAC Creditor Reporting System (CRS)
Austria,2019,1.23 billion,1.89 billion,0.276,OECD DAC Creditor Reporting System (CRS)
Belgium,2019,2.17 billion,1.55 billion,0.409,OECD DAC Creditor Reporting System (CRS)
Canada,2019,4.73 billion,7.31 billion,0.275,OECD DAC Creditor Reporting System (CRS)
Czech Republic,2019,309.2 million,1.34 billion,0.131,OECD DAC Creditor Reporting System (CRS)
"DAC Countries, Total",2019,151.83 billion,205.53 billion,0.297,OECD DAC Creditor Reporting System (CRS)
Denmark,2019,2.55 billion,0.0 million,0.717,OECD DAC Creditor Reporting System (CRS)
Estonia,2019,48.5 million,166.8 million,0.158,OECD DAC Creditor Reporting System (CRS)
Finland,2019,1.13 billion,768.0 million,0.417,OECD DAC Creditor Reporting System (CRS)
France,2019,12.21 billion,7.17 billion,0.441,OECD DAC Creditor Reporting System (CRS)
Germany,2019,24.20 billion,3.50 billion,0.612,OECD DAC Creditor Reporting System (CRS)
Greece,2019,367.7 million,1.10 billion,0.175,OECD DAC Creditor Reporting System (CRS)
Hungary,2019,312.1 million,715.5 million,0.213,OECD DAC Creditor Reporting System (CRS)
Iceland,2019,61.4 million,111.5 million,0.249,OECD DAC Creditor Reporting System (CRS)
Ireland,2019,973.4 million,1.19 billion,0.316,OECD DAC Creditor Reporting System (CRS)
Italy,2019,4.41 billion,9.72 billion,0.219,OECD DAC Creditor Reporting System (CRS)
Japan,2019,15.59 billion,21.83 billion,0.292,OECD DAC Creditor Reporting System (CRS)
Korea,2019,2.46 billion,9.14 billion,0.149,OECD DAC Creditor Reporting System (CRS)
Lithuania,2019,67.7 million,301.9 million,0.128,OECD DAC Creditor Reporting System (CRS)
Luxembourg,2019,471.6 million,0.0 million,1.034,OECD DAC Creditor Reporting System (CRS)
Netherlands,2019,5.29 billion,1.02 billion,0.587,OECD DAC Creditor Reporting System (CRS)
New Zealand,2019,554.8 million,853.9 million,0.276,OECD DAC Creditor Reporting System (CRS)
Norway,2019,4.30 billion,0.0 million,1.026,OECD DAC Creditor Reporting System (CRS)
Poland,2019,776.6 million,3.14 billion,0.139,OECD DAC Creditor Reporting System (CRS)
Portugal,2019,410.5 million,1.26 billion,0.172,OECD DAC Creditor Reporting System (CRS)
Slovak Republic,2019,115.8 million,611.4 million,0.111,OECD DAC Creditor Reporting System (CRS)
Slovenia,2019,87.7 million,283.6 million,0.165,OECD DAC Creditor Reporting System (CRS)
Spain,2019,2.94 billion,6.92 billion,0.209,OECD DAC Creditor Reporting System (CRS)
Sweden,2019,5.21 billion,0.0 million,0.956,OECD DAC Creditor Reporting System (CRS)
Switzerland,2019,3.10 billion,1.84 billion,0.439,OECD DAC Creditor Reporting System (CRS)
United Kingdom,2019,19.37 billion,0.0 million,0.703,OECD DAC Creditor Reporting System (CRS)
United States,2019,33.49 billion,118.34 billion,0.154,OECD DAC Creditor Reporting System (CRS)
Australia,2018,3.15 billion,6.45 billion,0.23,OECD DAC Creditor Reporting System (CRS)
Austria,2018,1.17 billion,2.00 billion,0.258,OECD DAC Creditor Reporting System (CRS)
Belgium,2018,2.31 billion,1.45 billion,0.43,OECD DAC Creditor Reporting System (CRS)
Canada,2018,4.68 billion,7.15 billion,0.277,OECD DAC Creditor Reporting System (CRS)
Czech Republic,2018,305.4 million,1.32 billion,0.132,OECD DAC Creditor Reporting System (CRS)
"DAC Countries, Total",2018,153.60 billion,199.18 billion,0.305,OECD DAC Creditor Reporting System (CRS)
Denmark,2018,2.59 billion,0.0 million,0.718,OECD DAC Creditor Reporting System (CRS)
Estonia,2018,48.8 million,162.3 million,0.162,OECD DAC Creditor Reporting System (CRS)
Finland,2018,984.0 million,934.9 million,0.359,OECD DAC Creditor Reporting System (CRS)
France,2018,12.14 billion,7.74 billion,0.427,OECD DAC Creditor Reporting System (CRS)
Germany,2018,24.98 billion,3.60 billion,0.612,OECD DAC Creditor Reporting System (CRS)
Greece,2018,290.4 million,1.24 billion,0.133,OECD DAC Creditor Reporting System (CRS)
Hungary,2018,284.9 million,669.0 million,0.209,OECD DAC Creditor Reporting System (CRS)
Iceland,2018,74.2 million,108.1 million,0.285,OECD DAC Creditor Reporting System (CRS)
Ireland,2018,934.2 million,1.15 billion,0.314,OECD DAC Creditor Reporting System (CRS)
Italy,2018,5.19 billion,9.42 billion,0.249,OECD DAC Creditor Reporting System (CRS)
Japan,2018,14.16 billion,21.78 billion,0.276,OECD DAC Creditor Reporting System (CRS)
Korea,2018,2.36 billion,9.72 billion,0.137,OECD DAC Creditor Reporting System (CRS)
Lithuania,2018,64.9 million,309.3 million,0.121,OECD DAC Creditor Reporting System (CRS)
Luxembourg,2018,473.4 million,0.0 million,0.984,OECD DAC Creditor Reporting System (CRS)
Netherlands,2018,5.66 billion,737.5 million,0.619,OECD DAC Creditor Reporting System (CRS)
New Zealand,2018,556.0 million,811.5 million,0.285,OECD DAC Creditor Reporting System (CRS)
Norway,2018,4.26 billion,0.0 million,0.941,OECD DAC Creditor Reporting System (CRS)
Poland,2018,766.0 million,3.18 billion,0.136,OECD DAC Creditor Reporting System (CRS)
Portugal,2018,411.4 million,1.21 billion,0.177,OECD DAC Creditor Reporting System (CRS)
Slovak Republic,2018,137.7 million,596.0 million,0.131,OECD DAC Creditor Reporting System (CRS)
Slovenia,2018,83.5 million,291.1 million,0.156,OECD DAC Creditor Reporting System (CRS)
Spain,2018,2.89 billion,7.09 billion,0.203,OECD DAC Creditor Reporting System (CRS)
Sweden,2018,6.00 billion,0.0 million,1.072,OECD DAC Creditor Reporting System (CRS)
Switzerland,2018,3.10 billion,1.84 billion,0.439,OECD DAC Creditor Reporting System (CRS)
United Kingdom,2018,19.40 billion,127.3 million,0.695,OECD DAC Creditor Reporting System (CRS)
United States,2018,34.15 billion,111.47 billion,0.164,OECD DAC Creditor Reporting System (CRS)
Australia,2017,3.04 billion,6.12 billion,0.232,OECD DAC Creditor Reporting System (CRS)
Austria,2017,1.25 billion,1.67 billion,0.3,OECD DAC Creditor Reporting System (CRS)
Belgium,2017,2.20 billion,1.26 billion,0.445,OECD DAC Creditor Reporting System (CRS)
Canada,2017,4.30 billion,7.11 billion,0.264,OECD DAC Creditor Reporting System (CRS)
Czech Republic,2017,304.1 million,1.11 billion,0.15,OECD DAC Creditor Reporting System (CRS)
"DAC Countries, Total",2017,147.26 billion,184.23 billion,0.311,OECD DAC Creditor Reporting System (CRS)
Denmark,2017,2.45 billion,0.0 million,0.737,OECD DAC Creditor Reporting System (CRS)
Estonia,2017,43.0 million,139.7 million,0.165,OECD DAC Creditor Reporting System (CRS)
Finland,2017,1.08 billion,703.4 million,0.424,OECD DAC Creditor Reporting System (CRS)
France,2017,11.33 billion,7.20 billion,0.428,OECD DAC Creditor Reporting System (CRS)
Germany,2017,25.01 billion,1.22 billion,0.667,OECD DAC Creditor Reporting System (CRS)
Greece,2017,313.6 million,1.09 billion,0.156,OECD DAC Creditor Reporting System (CRS)
Hungary,2017,148.7 million,790.6 million,0.111,OECD DAC Creditor Reporting System (CRS)
Iceland,2017,68.3 million,100.1 million,0.284,OECD DAC Creditor Reporting System (CRS)
Ireland,2017,838.0 million,1.01 billion,0.317,OECD DAC Creditor Reporting System (CRS)
Italy,2017,5.86 billion,7.76 billion,0.301,OECD DAC Creditor Reporting System (CRS)
Japan,2017,11.46 billion,23.78 billion,0.228,OECD DAC Creditor Reporting System (CRS)
Korea,2017,2.20 billion,8.51 billion,0.144,OECD DAC Creditor Reporting System (CRS)
Lithuania,2017,59.2 million,260.4 million,0.13,OECD DAC Creditor Reporting System (CRS)
Luxembourg,2017,424.2 million,0.0 million,0.996,OECD DAC Creditor Reporting System (CRS)
Netherlands,2017,4.96 billion,791.1 million,0.604,OECD DAC Creditor Reporting System (CRS)
New Zealand,2017,449.8 million,913.4 million,0.231,OECD DAC Creditor Reporting System (CRS)
Norway,2017,4.12 billion,0.0 million,0.993,OECD DAC Creditor Reporting System (CRS)
Poland,2017,679.5 million,2.85 billion,0.135,OECD DAC Creditor Reporting System (CRS)
Portugal,2017,380.7 million,1.11 billion,0.179,OECD DAC Creditor Reporting System (CRS)
Slovak Republic,2017,119.2 million,513.1 million,0.132,OECD DAC Creditor Reporting System (CRS)
Slovenia,2017,75.8 million,258.0 million,0.159,OECD DAC Creditor Reporting System (CRS)
Spain,2017,2.56 billion,6.63 billion,0.195,OECD DAC Creditor Reporting System (CRS)
Sweden,2017,5.56 billion,0.0 million,1.019,OECD DAC Creditor Reporting System (CRS)
Switzerland,2017,3.15 billion,1.72 billion,0.453,OECD DAC Creditor Reporting System (CRS)
United Kingdom,2017,18.09 billion,39.2 million,0.698,OECD DAC Creditor Reporting System (CRS)
United States,2017,34.73 billion,102.78 billion,0.177,OECD DAC Creditor Reporting System (CRS)
Australia,2016,3.28 billion,5.35 billion,0.266,OECD DAC Creditor Reporting System (CRS)
Austria,2016,1.64 billion,1.07 billion,0.424,OECD DAC Creditor Reporting System (CRS)
Belgium,2016,2.30 billion,929.2 million,0.499,OECD DAC Creditor Reporting System (CRS)
Canada,2016,3.93 billion,6.63 billion,0.261,OECD DAC Creditor Reporting System (CRS)
Czech Republic,2016,260.2 million,1.02 billion,0.142,OECD DAC Creditor Reporting System (CRS)
"DAC Countries, Total",2016,145.02 billion,170.35 billion,0.322,OECD DAC Creditor Reporting System (CRS)
Denmark,2016,2.37 billion,0.0 million,0.752,OECD DAC Creditor Reporting System (CRS)
Estonia,2016,43.4 million,116.7 million,0.19,OECD DAC Creditor Reporting System (CRS)
Finland,2016,1.06 billion,626.3 million,0.44,OECD DAC Creditor Reporting System (CRS)
France,2016,9.62 billion,7.91 billion,0.384,OECD DAC Creditor Reporting System (CRS)
Germany,2016,24.74 billion,24.9 million,0.699,OECD DAC Creditor Reporting System (CRS)
Greece,2016,368.5 million,995.3 million,0.189,OECD DAC Creditor Reporting System (CRS)
Hungary,2016,199.1 million,640.3 million,0.166,OECD DAC Creditor Reporting System (CRS)
Iceland,2016,58.7 million,85.8 million,0.284,OECD DAC Creditor Reporting System (CRS)
Ireland,2016,802.6 million,960.3 million,0.319,OECD DAC Creditor Reporting System (CRS)
Italy,2016,5.09 billion,7.88 billion,0.275,OECD DAC Creditor Reporting System (CRS)
Japan,2016,10.42 billion,25.39 billion,0.204,OECD DAC Creditor Reporting System (CRS)
Korea,2016,2.25 billion,7.64 billion,0.159,OECD DAC Creditor Reporting System (CRS)
Lithuania,2016,57.1 million,230.4 million,0.139,OECD DAC Creditor Reporting System (CRS)
Luxembourg,2016,391.0 million,0.0 million,1.001,OECD DAC Creditor Reporting System (CRS)
Netherlands,2016,4.97 billion,392.4 million,0.649,OECD DAC Creditor Reporting System (CRS)
New Zealand,2016,446.9 million,789.2 million,0.253,OECD DAC Creditor Reporting System (CRS)
Norway,2016,4.38 billion,0.0 million,1.122,OECD DAC Creditor Reporting System (CRS)
Poland,2016,663.0 million,2.49 billion,0.147,OECD DAC Creditor Reporting System (CRS)
Portugal,2016,343.1 million,1.06 billion,0.171,OECD DAC Creditor Reporting System (CRS)
Slovak Republic,2016,106.0 million,507.1 million,0.121,OECD DAC Creditor Reporting System (CRS)
Slovenia,2016,81.3 million,222.9 million,0.187,OECD DAC Creditor Reporting System (CRS)
Spain,2016,4.22 billion,4.40 billion,0.343,OECD DAC Creditor Reporting System (CRS)
Sweden,2016,4.89 billion,0.0 million,0.941,OECD DAC Creditor Reporting System (CRS)
Switzerland,2016,3.58 billion,1.13 billion,0.532,OECD DAC Creditor Reporting System (CRS)
United Kingdom,2016,18.05 billion,0.0 million,0.7,OECD DAC Creditor Reporting System (CRS)
United States,2016,34.42 billion,95.05 billion,0.186,OECD DAC Creditor Reporting System (CRS)
Australia,2015,3.49 billion,4.91 billion,0.291,OECD DAC Creditor Reporting System (CRS)
Austria,2015,1.32 billion,1.30 billion,0.354,OECD DAC Creditor Reporting System (CRS)
Belgium,2015,1.90 billion,1.30 billion,0.416,OECD DAC Creditor Reporting System (CRS)
Canada,2015,4.28 billion,6.43 billion,0.28,OECD DAC Creditor Reporting System (CRS)
Czech Republic,2015,199.0 million,984.8 million,0.118,OECD DAC Creditor Reporting System (CRS)
"DAC Countries, Total",2015,131.65 billion,177.80 billion,0.298,OECD DAC Creditor Reporting System (CRS)
Denmark,2015,2.57 billion,0.0 million,0.847,OECD DAC Creditor Reporting System (CRS)
Estonia,2015,33.9 million,120.1 million,0.154,OECD DAC Creditor Reporting System (CRS)
Finland,2015,1.29 billion,349.8 million,0.55,OECD DAC Creditor Reporting System (CRS)
France,2015,9.04 billion,8.17 billion,0.368,OECD DAC Creditor Reporting System (CRS)
Germany,2015,17.94 billion,6.06 billion,0.523,OECD DAC Creditor Reporting System (CRS)
Greece,2015,238.7 million,1.13 billion,0.122,OECD DAC Creditor Reporting System (CRS)
Hungary,2015,155.6 million,657.2 million,0.134,OECD DAC Creditor Reporting System (CRS)
Iceland,2015,39.9 million,76.6 million,0.24,OECD DAC Creditor Reporting System (CRS)
Ireland,2015,718.3 million,864.8 million,0.318,OECD DAC Creditor Reporting System (CRS)
Italy,2015,4.00 billion,8.68 billion,0.221,OECD DAC Creditor Reporting System (CRS)
Japan,2015,9.20 billion,22.67 billion,0.202,OECD DAC Creditor Reporting System (CRS)
Korea,2015,1.92 billion,7.79 billion,0.138,OECD DAC Creditor Reporting System (CRS)
Lithuania,2015,48.1 million,229.2 million,0.121,OECD DAC Creditor Reporting System (CRS)
Luxembourg,2015,362.9 million,0.0 million,0.952,OECD DAC Creditor Reporting System (CRS)
Netherlands,2015,5.73 billion,0.0 million,0.749,OECD DAC Creditor Reporting System (CRS)
New Zealand,2015,441.7 million,724.5 million,0.265,OECD DAC Creditor Reporting System (CRS)
Norway,2015,4.28 billion,0.0 million,1.046,OECD DAC Creditor Reporting System (CRS)
Poland,2015,440.9 million,2.78 billion,0.096,OECD DAC Creditor Reporting System (CRS)
Portugal,2015,308.0 million,1.06 billion,0.158,OECD DAC Creditor Reporting System (CRS)
Slovak Republic,2015,84.9 million,502.1 million,0.101,OECD DAC Creditor Reporting System (CRS)
Slovenia,2015,63.3 million,233.6 million,0.149,OECD DAC Creditor Reporting System (CRS)
Spain,2015,1.40 billion,6.98 billion,0.117,OECD DAC Creditor Reporting System (CRS)
Sweden,2015,7.09 billion,0.0 million,1.405,OECD DAC Creditor Reporting System (CRS)
Switzerland,2015,3.53 billion,1.34 billion,0.508,OECD DAC Creditor Reporting System (CRS)
United Kingdom,2015,18.55 billion,0.0 million,0.705,OECD DAC Creditor Reporting System (CRS)
United States,2015,30.99 billion,98.49 billion,0.168,OECD DAC Creditor Reporting System (CRS)
Australia,2014,4.38 billion,5.38 billion,0.314,OECD DAC Creditor Reporting System (CRS)
Austria,2014,1.23 billion,1.80 billion,0.284,OECD DAC Creditor Reporting System (CRS)
Belgium,2014,2.45 billion,1.25 billion,0.463,OECD DAC Creditor Reporting System (CRS)
Canada,2014,4.24 billion,8.08 billion,0.241,OECD DAC Creditor Reporting System (CRS)
Czech Republic,2014,212.2 million,1.11 billion,0.112,OECD DAC Creditor Reporting System (CRS)
"DAC Countries, Total",2014,137.62 billion,188.30 billion,0.296,OECD DAC Creditor Reporting System (CRS)
Denmark,2014,3.00 billion,0.0 million,0.856,OECD DAC Creditor Reporting System (CRS)
Estonia,2014,37.5 million,143.6 million,0.145,OECD DAC Creditor Reporting System (CRS)
Finland,2014,1.63 billion,291.5 million,0.594,OECD DAC Creditor Reporting System (CRS)
France,2014,10.62 billion,9.58 billion,0.368,OECD DAC Creditor Reporting System (CRS)
Germany,2014,16.57 billion,11.13 billion,0.419,OECD DAC Creditor Reporting System (CRS)
Greece,2014,247.4 million,1.39 billion,0.105,OECD DAC Creditor Reporting System (CRS)
Hungary,2014,144.0 million,781.5 million,0.109,OECD DAC Creditor Reporting System (CRS)
Iceland,2014,37.3 million,81.0 million,0.221,OECD DAC Creditor Reporting System (CRS)
Ireland,2014,815.8 million,706.6 million,0.375,OECD DAC Creditor Reporting System (CRS)
Italy,2014,4.01 billion,10.98 billion,0.187,OECD DAC Creditor Reporting System (CRS)
Japan,2014,9.48 billion,24.02 billion,0.198,OECD DAC Creditor Reporting System (CRS)
Korea,2014,1.86 billion,8.09 billion,0.131,OECD DAC Creditor Reporting System (CRS)
Lithuania,2014,45.6 million,281.4 million,0.098,OECD DAC Creditor Reporting System (CRS)
Luxembourg,2014,423.2 million,0.0 million,1.064,OECD DAC Creditor Reporting System (CRS)
Netherlands,2014,5.57 billion,570.0 million,0.635,OECD DAC Creditor Reporting System (CRS)
New Zealand,2014,506.1 million,808.7 million,0.269,OECD DAC Creditor Reporting System (CRS)
Norway,2014,5.09 billion,0.0 million,1.0,OECD DAC Creditor Reporting System (CRS)
Poland,2014,451.8 million,3.24 billion,0.086,OECD DAC Creditor Reporting System (CRS)
Portugal,2014,430.2 million,1.16 billion,0.19,OECD DAC Creditor Reporting System (CRS)
Slovak Republic,2014,83.2 million,593.4 million,0.086,OECD DAC Creditor Reporting System (CRS)
Slovenia,2014,61.5 million,284.4 million,0.125,OECD DAC Creditor Reporting System (CRS)
Spain,2014,1.88 billion,7.90 billion,0.134,OECD DAC Creditor Reporting System (CRS)
Sweden,2014,6.23 billion,0.0 million,1.094,OECD DAC Creditor Reporting System (CRS)
Switzerland,2014,3.52 billion,1.47 billion,0.494,OECD DAC Creditor Reporting System (CRS)
United Kingdom,2014,19.26 billion,0.0 million,0.701,OECD DAC Creditor Reporting System (CRS)
United States,2014,33.10 billion,91.67 billion,0.186,OECD DAC Creditor Reporting System (CRS)
Australia,2013,4.85 billion,5.41 billion,0.331,OECD DAC Creditor Reporting System (CRS)
Austria,2013,1.17 billion,1.83 billion,0.274,OECD DAC Creditor Reporting System (CRS)
Belgium,2013,2.30 billion,1.25 billion,0.453,OECD DAC Creditor Reporting System (CRS)
Canada,2013,4.95 billion,7.65 billion,0.275,OECD DAC Creditor Reporting System (CRS)
Czech Republic,2013,210.9 million,1.09 billion,0.114,OECD DAC Creditor Reporting System (CRS)
"DAC Countries, Total",2013,134.93 billion,182.96 billion,0.297,OECD DAC Creditor Reporting System (CRS)
Denmark,2013,2.93 billion,0.0 million,0.852,OECD DAC Creditor Reporting System (CRS)
Estonia,2013,30.7 million,139.1 million,0.127,OECD DAC Creditor Reporting System (CRS)
Finland,2013,1.44 billion,441.5 million,0.535,OECD DAC Creditor Reporting System (CRS)
France,2013,11.34 billion,8.22 billion,0.406,OECD DAC Creditor Reporting System (CRS)
Germany,2013,14.23 billion,11.92 billion,0.381,OECD DAC Creditor Reporting System (CRS)
Greece,2013,239.1 million,1.45 billion,0.099,OECD DAC Creditor Reporting System (CRS)
Hungary,2013,128.2 million,742.7 million,0.103,OECD DAC Creditor Reporting System (CRS)
Iceland,2013,34.9 million,72.1 million,0.228,OECD DAC Creditor Reporting System (CRS)
Ireland,2013,845.9 million,435.9 million,0.462,OECD DAC Creditor Reporting System (CRS)
Italy,2013,3.43 billion,10.98 billion,0.167,OECD DAC Creditor Reporting System (CRS)
Japan,2013,11.47 billion,24.24 billion,0.225,OECD DAC Creditor Reporting System (CRS)
Korea,2013,1.76 billion,7.45 billion,0.134,OECD DAC Creditor Reporting System (CRS)
Lithuania,2013,50.4 million,259.6 million,0.114,OECD DAC Creditor Reporting System (CRS)
Luxembourg,2013,429.3 million,0.0 million,1.002,OECD DAC Creditor Reporting System (CRS)
Netherlands,2013,5.44 billion,253.9 million,0.669,OECD DAC Creditor Reporting System (CRS)
New Zealand,2013,457.3 million,762.3 million,0.262,OECD DAC Creditor Reporting System (CRS)
Norway,2013,5.58 billion,0.0 million,1.075,OECD DAC Creditor Reporting System (CRS)
Poland,2013,487.1 million,3.06 billion,0.096,OECD DAC Creditor Reporting System (CRS)
Portugal,2013,488.3 million,1.02 billion,0.227,OECD DAC Creditor Reporting System (CRS)
Slovak Republic,2013,86.0 million,559.1 million,0.093,OECD DAC Creditor Reporting System (CRS)
Slovenia,2013,61.5 million,270.3 million,0.13,OECD DAC Creditor Reporting System (CRS)
Spain,2013,2.35 billion,7.10 billion,0.174,OECD DAC Creditor Reporting System (CRS)
Sweden,2013,5.83 billion,0.0 million,1.014,OECD DAC Creditor Reporting System (CRS)
Switzerland,2013,3.20 billion,1.72 billion,0.455,OECD DAC Creditor Reporting System (CRS)
United Kingdom,2013,17.87 billion,0.0 million,0.705,OECD DAC Creditor Reporting System (CRS)
United States,2013,31.27 billion,89.16 billion,0.182,OECD DAC Creditor Reporting System (CRS)
Australia,2012,5.40 billion,5.08 billion,0.361,OECD DAC Creditor Reporting System (CRS)
Austria,2012,1.11 billion,1.66 billion,0.28,OECD DAC Creditor Reporting System (CRS)
Belgium,2012,2.31 billion,1.10 billion,0.475,OECD DAC Creditor Reporting System (CRS)
Canada,2012,5.65 billion,6.87 billion,0.316,OECD DAC Creditor Reporting System (CRS)
Czech Republic,2012,219.6 million,1.06 billion,0.121,OECD DAC Creditor Reporting System (CRS)
"DAC Countries, Total",2012,127.10 billion,185.95 billion,0.284,OECD DAC Creditor Reporting System (CRS)
Denmark,2012,2.69 billion,0.0 million,0.83,OECD DAC Creditor Reporting System (CRS)
Estonia,2012,23.2 million,129.7 million,0.106,OECD DAC Creditor Reporting System (CRS)
Finland,2012,1.32 billion,410.5 million,0.534,OECD DAC Creditor Reporting System (CRS)
France,2012,12.03 billion,6.57 billion,0.453,OECD DAC Creditor Reporting System (CRS)
Germany,2012,12.94 billion,11.42 billion,0.372,OECD DAC Creditor Reporting System (CRS)
Greece,2012,327.4 million,1.42 billion,0.131,OECD DAC Creditor Reporting System (CRS)
Hungary,2012,118.4 million,717.0 million,0.099,OECD DAC Creditor Reporting System (CRS)
Iceland,2012,26.1 million,64.0 million,0.203,OECD DAC Creditor Reporting System (CRS)
Ireland,2012,808.4 million,396.1 million,0.47,OECD DAC Creditor Reporting System (CRS)
Italy,2012,2.74 billion,11.25 billion,0.137,OECD DAC Creditor Reporting System (CRS)
Japan,2012,10.60 billion,32.27 billion,0.173,OECD DAC Creditor Reporting System (CRS)
Korea,2012,1.60 billion,6.35 billion,0.141,OECD DAC Creditor Reporting System (CRS)
Lithuania,2012,51.9 million,233.8 million,0.127,OECD DAC Creditor Reporting System (CRS)
Luxembourg,2012,399.0 million,0.0 million,1.004,OECD DAC Creditor Reporting System (CRS)
Netherlands,2012,5.52 billion,0.0 million,0.71,OECD DAC Creditor Reporting System (CRS)
New Zealand,2012,449.1 million,687.8 million,0.277,OECD DAC Creditor Reporting System (CRS)
Norway,2012,4.75 billion,0.0 million,0.929,OECD DAC Creditor Reporting System (CRS)
Poland,2012,421.1 million,2.86 billion,0.09,OECD DAC Creditor Reporting System (CRS)
Portugal,2012,580.8 million,868.4 million,0.281,OECD DAC Creditor Reporting System (CRS)
Slovak Republic,2012,79.7 million,549.8 million,0.089,OECD DAC Creditor Reporting System (CRS)
Slovenia,2012,58.5 million,255.8 million,0.13,OECD DAC Creditor Reporting System (CRS)
Spain,2012,2.04 billion,7.11 billion,0.156,OECD DAC Creditor Reporting System (CRS)
Sweden,2012,5.24 billion,0.0 million,0.974,OECD DAC Creditor Reporting System (CRS)
Switzerland,2012,3.05 billion,1.52 billion,0.468,OECD DAC Creditor Reporting System (CRS)
United Kingdom,2012,13.89 billion,3.41 billion,0.562,OECD DAC Creditor Reporting System (CRS)
United States,2012,30.65 billion,84.95 billion,0.186,OECD DAC Creditor Reporting System (CRS)
Australia,2011,4.98 billion,5.17 billion,0.344,OECD DAC Creditor Reporting System (CRS)
Austria,2011,1.11 billion,1.80 billion,0.267,OECD DAC Creditor Reporting System (CRS)
Belgium,2011,2.81 billion,857.0 million,0.536,OECD DAC Creditor Reporting System (CRS)
Canada,2011,5.46 billion,6.49 billion,0.32,OECD DAC Creditor Reporting System (CRS)
Czech Republic,2011,250.5 million,1.16 billion,0.125,OECD DAC Creditor Reporting System (CRS)
"DAC Countries, Total",2011,135.19 billion,174.10 billion,0.306,OECD DAC Creditor Reporting System (CRS)
Denmark,2011,2.93 billion,0.0 million,0.852,OECD DAC Creditor Reporting System (CRS)
Estonia,2011,24.2 million,123.3 million,0.115,OECD DAC Creditor Reporting System (CRS)
Finland,2011,1.41 billion,447.1 million,0.531,OECD DAC Creditor Reporting System (CRS)
France,2011,13.00 billion,6.80 billion,0.46,OECD DAC Creditor Reporting System (CRS)
Germany,2011,14.09 billion,11.41 billion,0.387,OECD DAC Creditor Reporting System (CRS)
Greece,2011,424.8 million,1.60 billion,0.147,OECD DAC Creditor Reporting System (CRS)
Hungary,2011,139.7 million,768.2 million,0.108,OECD DAC Creditor Reporting System (CRS)
Iceland,2011,25.6 million,64.3 million,0.199,OECD DAC Creditor Reporting System (CRS)
Ireland,2011,913.6 million,335.2 million,0.512,OECD DAC Creditor Reporting System (CRS)
Italy,2011,4.33 billion,10.95 billion,0.198,OECD DAC Creditor Reporting System (CRS)
Japan,2011,11.09 billion,31.53 billion,0.182,OECD DAC Creditor Reporting System (CRS)
Korea,2011,1.32 billion,6.50 billion,0.119,OECD DAC Creditor Reporting System (CRS)
Lithuania,2011,51.7 million,237.4 million,0.125,OECD DAC Creditor Reporting System (CRS)
Luxembourg,2011,409.2 million,0.0 million,0.973,OECD DAC Creditor Reporting System (CRS)
Netherlands,2011,6.34 billion,0.0 million,0.753,OECD DAC Creditor Reporting System (CRS)
New Zealand,2011,424.1 million,651.1 million,0.276,OECD DAC Creditor Reporting System (CRS)
Norway,2011,4.76 billion,0.0 million,0.964,OECD DAC Creditor Reporting System (CRS)
Poland,2011,417.5 million,3.05 billion,0.084,OECD DAC Creditor Reporting System (CRS)
Portugal,2011,707.8 million,896.2 million,0.309,OECD DAC Creditor Reporting System (CRS)
Slovak Republic,2011,86.0 million,573.4 million,0.091,OECD DAC Creditor Reporting System (CRS)
Slovenia,2011,62.8 million,278.4 million,0.129,OECD DAC Creditor Reporting System (CRS)
Spain,2011,4.17 billion,6.03 billion,0.286,OECD DAC Creditor Reporting System (CRS)
Sweden,2011,5.60 billion,0.0 million,1.019,OECD DAC Creditor Reporting System (CRS)
Switzerland,2011,3.05 billion,1.61 billion,0.458,OECD DAC Creditor Reporting System (CRS)
United Kingdom,2011,13.83 billion,3.38 billion,0.562,OECD DAC Creditor Reporting System (CRS)
United States,2011,30.97 billion,75.51 billion,0.204,OECD DAC Creditor Reporting System (CRS)
Australia,2010,3.83 billion,4.47 billion,0.323,OECD DAC Creditor Reporting System (CRS)
Austria,2010,1.21 billion,1.42 billion,0.322,OECD DAC Creditor Reporting System (CRS)
Belgium,2010,3.00 billion,283.1 million,0.64,OECD DAC Creditor Reporting System (CRS)
Canada,2010,5.21 billion,5.63 billion,0.336,OECD DAC Creditor Reporting System (CRS)
Czech Republic,2010,227.6 million,1.03 billion,0.127,OECD DAC Creditor Reporting System (CRS)
"DAC Countries, Total",2010,128.54 billion,159.42 billion,0.312,OECD DAC Creditor Reporting System (CRS)
Denmark,2010,2.87 billion,0.0 million,0.909,OECD DAC Creditor Reporting System (CRS)
Estonia,2010,18.8 million,109.6 million,0.102,OECD DAC Creditor Reporting System (CRS)
Finland,2010,1.33 billion,362.2 million,0.55,OECD DAC Creditor Reporting System (CRS)
France,2010,12.92 billion,5.33 billion,0.495,OECD DAC Creditor Reporting System (CRS)
Germany,2010,12.99 billion,10.52 billion,0.387,OECD DAC Creditor Reporting System (CRS)
Greece,2010,507.7 million,1.57 billion,0.171,OECD DAC Creditor Reporting System (CRS)
Hungary,2010,114.3 million,752.6 million,0.092,OECD DAC Creditor Reporting System (CRS)
Iceland,2010,28.8 million,49.1 million,0.259,OECD DAC Creditor Reporting System (CRS)
Ireland,2010,895.1 million,303.7 million,0.523,OECD DAC Creditor Reporting System (CRS)
Italy,2010,3.00 billion,11.17 billion,0.148,OECD DAC Creditor Reporting System (CRS)
Japan,2010,11.06 billion,28.35 billion,0.196,OECD DAC Creditor Reporting System (CRS)
Korea,2010,1.17 billion,5.93 billion,0.116,OECD DAC Creditor Reporting System (CRS)
Lithuania,2010,36.7 million,208.9 million,0.105,OECD DAC Creditor Reporting System (CRS)
Luxembourg,2010,402.7 million,0.0 million,1.047,OECD DAC Creditor Reporting System (CRS)
Netherlands,2010,6.36 billion,0.0 million,0.815,OECD DAC Creditor Reporting System (CRS)
New Zealand,2010,342.2 million,596.0 million,0.255,OECD DAC Creditor Reporting System (CRS)
Norway,2010,4.37 billion,0.0 million,1.051,OECD DAC Creditor Reporting System (CRS)
Poland,2010,377.8 million,2.79 billion,0.084,OECD DAC Creditor Reporting System (CRS)
Portugal,2010,649.0 million,897.8 million,0.294,OECD DAC Creditor Reporting System (CRS)
Slovak Republic,2010,73.7 million,530.2 million,0.085,OECD DAC Creditor Reporting System (CRS)
Slovenia,2010,58.6 million,264.9 million,0.127,OECD DAC Creditor Reporting System (CRS)
Spain,2010,5.95 billion,3.77 billion,0.428,OECD DAC Creditor Reporting System (CRS)
Sweden,2010,4.53 billion,0.0 million,0.97,OECD DAC Creditor Reporting System (CRS)
Switzerland,2010,2.30 billion,1.80 billion,0.393,OECD DAC Creditor Reporting System (CRS)
United Kingdom,2010,13.05 billion,2.90 billion,0.573,OECD DAC Creditor Reporting System (CRS)
United States,2010,29.66 billion,72.79 billion,0.203,OECD DAC Creditor Reporting System (CRS)
