name,year,ODA (left-axis),ODA/GNI (right-axis),source
"DAC Countries, Total",2000,81271.25,0.22,OECD DAC Creditor Reporting System (CRS)
"DAC Countries, Total",2001,83466.13,0.21,OECD DAC Creditor Reporting System (CRS)
"DAC Countries, Total",2002,89466.87,0.23,OECD DAC Creditor Reporting System (CRS)
"DAC Countries, Total",2003,93818.75,0.24,OECD DAC Creditor Reporting System (CRS)
"DAC Countries, Total",2004,99614.76,0.25,OECD DAC Creditor Reporting System (CRS)
"DAC Countries, Total",2005,131390.05,0.32,OECD DAC Creditor Reporting System (CRS)
"DAC Countries, Total",2006,124019.0,0.3,OECD DAC Creditor Reporting System (CRS)
"DAC Countries, Total",2007,113967.38,0.27,OECD DAC Creditor Reporting System (CRS)
"DAC Countries, Total",2008,127361.26,0.3,OECD DAC Creditor Reporting System (CRS)
"DAC Countries, Total",2009,129313.04,0.31,OECD DAC Creditor Reporting System (CRS)
"DAC Countries, Total",2010,136525.01,0.31,OECD DAC Creditor Reporting System (CRS)
"DAC Countries, Total",2011,135314.17,0.31,OECD DAC Creditor Reporting System (CRS)
"DAC Countries, Total",2012,130179.98,0.28,OECD DAC Creditor Reporting System (CRS)
"DAC Countries, Total",2013,137095.19,0.3,OECD DAC Creditor Reporting System (CRS)
"DAC Countries, Total",2014,139322.08,0.3,OECD DAC Creditor Reporting System (CRS)
"DAC Countries, Total",2015,147890.2,0.3,OECD DAC Creditor Reporting System (CRS)
"DAC Countries, Total",2016,164104.33,0.32,OECD DAC Creditor Reporting System (CRS)
"DAC Countries, Total",2017,163837.0,0.31,OECD DAC Creditor Reporting System (CRS)
"DAC Countries, Total",2018,163643.9,0.31,OECD DAC Creditor Reporting System (CRS)
"DAC Countries, Total",2019,164672.62,0.3,OECD DAC Creditor Reporting System (CRS)
"DAC Countries, Total",2020,171568.2,0.33,OECD DAC Creditor Reporting System (CRS)
"DAC Countries, Total",2021,185930.15,0.33,OECD DAC Creditor Reporting System (CRS)
Australia,2000,2327.06,0.27,OECD DAC Creditor Reporting System (CRS)
Australia,2001,2231.03,0.25,OECD DAC Creditor Reporting System (CRS)
Australia,2002,2330.29,0.26,OECD DAC Creditor Reporting System (CRS)
Australia,2003,2334.48,0.25,OECD DAC Creditor Reporting System (CRS)
Australia,2004,2379.61,0.25,OECD DAC Creditor Reporting System (CRS)
Australia,2005,2528.84,0.25,OECD DAC Creditor Reporting System (CRS)
Australia,2006,3078.47,0.3,OECD DAC Creditor Reporting System (CRS)
Australia,2007,3335.23,0.32,OECD DAC Creditor Reporting System (CRS)
Australia,2008,3519.68,0.32,OECD DAC Creditor Reporting System (CRS)
Australia,2009,3463.7,0.29,OECD DAC Creditor Reporting System (CRS)
Australia,2010,3875.32,0.32,OECD DAC Creditor Reporting System (CRS)
Australia,2011,4281.59,0.34,OECD DAC Creditor Reporting System (CRS)
Australia,2012,4657.1,0.36,OECD DAC Creditor Reporting System (CRS)
Australia,2013,4422.33,0.33,OECD DAC Creditor Reporting System (CRS)
Australia,2014,4264.71,0.31,OECD DAC Creditor Reporting System (CRS)
Australia,2015,4104.82,0.29,OECD DAC Creditor Reporting System (CRS)
Australia,2016,3852.28,0.27,OECD DAC Creditor Reporting System (CRS)
Australia,2017,3341.73,0.23,OECD DAC Creditor Reporting System (CRS)
Australia,2018,3476.87,0.23,OECD DAC Creditor Reporting System (CRS)
Australia,2019,3319.27,0.21,OECD DAC Creditor Reporting System (CRS)
Australia,2020,3297.43,0.21,OECD DAC Creditor Reporting System (CRS)
Australia,2021,3546.44,0.22,OECD DAC Creditor Reporting System (CRS)
Austria,2000,816.07,0.23,OECD DAC Creditor Reporting System (CRS)
Austria,2001,1186.45,0.34,OECD DAC Creditor Reporting System (CRS)
Austria,2002,915.94,0.26,OECD DAC Creditor Reporting System (CRS)
Austria,2003,731.88,0.2,OECD DAC Creditor Reporting System (CRS)
Austria,2004,878.78,0.23,OECD DAC Creditor Reporting System (CRS)
Austria,2005,1989.28,0.52,OECD DAC Creditor Reporting System (CRS)
Austria,2006,1841.5,0.47,OECD DAC Creditor Reporting System (CRS)
Austria,2007,1994.55,0.5,OECD DAC Creditor Reporting System (CRS)
Austria,2008,1759.79,0.43,OECD DAC Creditor Reporting System (CRS)
Austria,2009,1192.09,0.3,OECD DAC Creditor Reporting System (CRS)
Austria,2010,1315.07,0.32,OECD DAC Creditor Reporting System (CRS)
Austria,2011,1131.51,0.27,OECD DAC Creditor Reporting System (CRS)
Austria,2012,1193.73,0.28,OECD DAC Creditor Reporting System (CRS)
Austria,2013,1204.86,0.27,OECD DAC Creditor Reporting System (CRS)
Austria,2014,1243.72,0.28,OECD DAC Creditor Reporting System (CRS)
Austria,2015,1559.46,0.35,OECD DAC Creditor Reporting System (CRS)
Austria,2016,1897.97,0.42,OECD DAC Creditor Reporting System (CRS)
Austria,2017,1410.68,0.3,OECD DAC Creditor Reporting System (CRS)
Austria,2018,1236.28,0.26,OECD DAC Creditor Reporting System (CRS)
Austria,2019,1350.03,0.28,OECD DAC Creditor Reporting System (CRS)
Austria,2020,1342.49,0.3,OECD DAC Creditor Reporting System (CRS)
Austria,2021,1466.78,0.31,OECD DAC Creditor Reporting System (CRS)
Belgium,2000,1517.61,0.36,OECD DAC Creditor Reporting System (CRS)
Belgium,2001,1620.25,0.37,OECD DAC Creditor Reporting System (CRS)
Belgium,2002,1871.45,0.43,OECD DAC Creditor Reporting System (CRS)
Belgium,2003,2651.12,0.6,OECD DAC Creditor Reporting System (CRS)
Belgium,2004,1867.66,0.41,OECD DAC Creditor Reporting System (CRS)
Belgium,2005,2453.89,0.53,OECD DAC Creditor Reporting System (CRS)
Belgium,2006,2392.52,0.5,OECD DAC Creditor Reporting System (CRS)
Belgium,2007,2123.56,0.43,OECD DAC Creditor Reporting System (CRS)
Belgium,2008,2418.53,0.48,OECD DAC Creditor Reporting System (CRS)
Belgium,2009,2725.72,0.55,OECD DAC Creditor Reporting System (CRS)
Belgium,2010,3237.69,0.64,OECD DAC Creditor Reporting System (CRS)
Belgium,2011,2831.19,0.54,OECD DAC Creditor Reporting System (CRS)
Belgium,2012,2476.58,0.47,OECD DAC Creditor Reporting System (CRS)
Belgium,2013,2351.56,0.45,OECD DAC Creditor Reporting System (CRS)
Belgium,2014,2479.16,0.46,OECD DAC Creditor Reporting System (CRS)
Belgium,2015,2278.01,0.42,OECD DAC Creditor Reporting System (CRS)
Belgium,2016,2708.3,0.5,OECD DAC Creditor Reporting System (CRS)
Belgium,2017,2491.12,0.45,OECD DAC Creditor Reporting System (CRS)
Belgium,2018,2467.01,0.43,OECD DAC Creditor Reporting System (CRS)
Belgium,2019,2404.43,0.41,OECD DAC Creditor Reporting System (CRS)
Belgium,2020,2513.22,0.48,OECD DAC Creditor Reporting System (CRS)
Belgium,2021,2615.51,0.43,OECD DAC Creditor Reporting System (CRS)
Canada,2000,3216.38,0.25,OECD DAC Creditor Reporting System (CRS)
Canada,2001,2900.19,0.22,OECD DAC Creditor Reporting System (CRS)
Canada,2002,3797.92,0.28,OECD DAC Creditor Reporting System (CRS)
Canada,2003,3323.4,0.24,OECD DAC Creditor Reporting System (CRS)
Canada,2004,3827.88,0.27,OECD DAC Creditor Reporting System (CRS)
Canada,2005,4995.8,0.34,OECD DAC Creditor Reporting System (CRS)
Canada,2006,4470.4,0.29,OECD DAC Creditor Reporting System (CRS)
Canada,2007,4541.06,0.29,OECD DAC Creditor Reporting System (CRS)
Canada,2008,5137.37,0.33,OECD DAC Creditor Reporting System (CRS)
Canada,2009,4655.57,0.3,OECD DAC Creditor Reporting System (CRS)
Canada,2010,5327.05,0.34,OECD DAC Creditor Reporting System (CRS)
Canada,2011,5186.77,0.32,OECD DAC Creditor Reporting System (CRS)
Canada,2012,5358.74,0.32,OECD DAC Creditor Reporting System (CRS)
Canada,2013,4755.13,0.27,OECD DAC Creditor Reporting System (CRS)
Canada,2014,4286.77,0.24,OECD DAC Creditor Reporting System (CRS)
Canada,2015,5048.07,0.28,OECD DAC Creditor Reporting System (CRS)
Canada,2016,4773.43,0.26,OECD DAC Creditor Reporting System (CRS)
Canada,2017,4992.33,0.26,OECD DAC Creditor Reporting System (CRS)
Canada,2018,5324.15,0.28,OECD DAC Creditor Reporting System (CRS)
Canada,2019,5415.13,0.27,OECD DAC Creditor Reporting System (CRS)
Canada,2020,5805.85,0.31,OECD DAC Creditor Reporting System (CRS)
Canada,2021,6302.74,0.32,OECD DAC Creditor Reporting System (CRS)
Czech Republic,2000,44.76,0.03,OECD DAC Creditor Reporting System (CRS)
Czech Republic,2001,68.84,0.05,OECD DAC Creditor Reporting System (CRS)
Czech Republic,2002,98.95,0.07,OECD DAC Creditor Reporting System (CRS)
Czech Republic,2003,167.31,0.11,OECD DAC Creditor Reporting System (CRS)
Czech Republic,2004,175.64,0.11,OECD DAC Creditor Reporting System (CRS)
Czech Republic,2005,204.18,0.11,OECD DAC Creditor Reporting System (CRS)
Czech Republic,2006,227.67,0.12,OECD DAC Creditor Reporting System (CRS)
Czech Republic,2007,219.65,0.11,OECD DAC Creditor Reporting System (CRS)
Czech Republic,2008,256.44,0.12,OECD DAC Creditor Reporting System (CRS)
Czech Republic,2009,235.75,0.12,OECD DAC Creditor Reporting System (CRS)
Czech Republic,2010,254.68,0.13,OECD DAC Creditor Reporting System (CRS)
Czech Republic,2011,259.68,0.12,OECD DAC Creditor Reporting System (CRS)
Czech Republic,2012,248.18,0.12,OECD DAC Creditor Reporting System (CRS)
Czech Republic,2013,235.31,0.11,OECD DAC Creditor Reporting System (CRS)
Czech Republic,2014,244.92,0.11,OECD DAC Creditor Reporting System (CRS)
Czech Republic,2015,269.5,0.12,OECD DAC Creditor Reporting System (CRS)
Czech Republic,2016,346.29,0.14,OECD DAC Creditor Reporting System (CRS)
Czech Republic,2017,382.25,0.15,OECD DAC Creditor Reporting System (CRS)
Czech Republic,2018,347.75,0.13,OECD DAC Creditor Reporting System (CRS)
Czech Republic,2019,357.66,0.13,OECD DAC Creditor Reporting System (CRS)
Czech Republic,2020,335.51,0.13,OECD DAC Creditor Reporting System (CRS)
Czech Republic,2021,366.11,0.13,OECD DAC Creditor Reporting System (CRS)
Denmark,2000,3043.49,1.06,OECD DAC Creditor Reporting System (CRS)
Denmark,2001,2999.49,1.03,OECD DAC Creditor Reporting System (CRS)
Denmark,2002,2791.78,0.96,OECD DAC Creditor Reporting System (CRS)
Denmark,2003,2441.22,0.84,OECD DAC Creditor Reporting System (CRS)
Denmark,2004,2536.9,0.85,OECD DAC Creditor Reporting System (CRS)
Denmark,2005,2555.96,0.81,OECD DAC Creditor Reporting System (CRS)
Denmark,2006,2631.35,0.8,OECD DAC Creditor Reporting System (CRS)
Denmark,2007,2695.67,0.81,OECD DAC Creditor Reporting System (CRS)
Denmark,2008,2689.0,0.82,OECD DAC Creditor Reporting System (CRS)
Denmark,2009,2774.09,0.88,OECD DAC Creditor Reporting System (CRS)
Denmark,2010,2887.41,0.91,OECD DAC Creditor Reporting System (CRS)
Denmark,2011,2792.62,0.85,OECD DAC Creditor Reporting System (CRS)
Denmark,2012,2706.66,0.83,OECD DAC Creditor Reporting System (CRS)
Denmark,2013,2829.83,0.85,OECD DAC Creditor Reporting System (CRS)
Denmark,2014,2874.22,0.86,OECD DAC Creditor Reporting System (CRS)
Denmark,2015,2926.39,0.85,OECD DAC Creditor Reporting System (CRS)
Denmark,2016,2697.78,0.75,OECD DAC Creditor Reporting System (CRS)
Denmark,2017,2702.01,0.74,OECD DAC Creditor Reporting System (CRS)
Denmark,2018,2718.06,0.72,OECD DAC Creditor Reporting System (CRS)
Denmark,2019,2810.16,0.72,OECD DAC Creditor Reporting System (CRS)
Denmark,2020,2797.57,0.72,OECD DAC Creditor Reporting System (CRS)
Denmark,2021,2921.0,0.71,OECD DAC Creditor Reporting System (CRS)
EU Institutions,2000,8795.43,,OECD DAC Creditor Reporting System (CRS)
EU Institutions,2001,10719.82,,OECD DAC Creditor Reporting System (CRS)
EU Institutions,2002,9086.27,,OECD DAC Creditor Reporting System (CRS)
EU Institutions,2003,9762.14,,OECD DAC Creditor Reporting System (CRS)
EU Institutions,2004,10566.43,,OECD DAC Creditor Reporting System (CRS)
EU Institutions,2005,11187.85,,OECD DAC Creditor Reporting System (CRS)
EU Institutions,2006,11851.01,,OECD DAC Creditor Reporting System (CRS)
EU Institutions,2007,12047.46,,OECD DAC Creditor Reporting System (CRS)
EU Institutions,2008,12713.85,,OECD DAC Creditor Reporting System (CRS)
EU Institutions,2009,13430.86,,OECD DAC Creditor Reporting System (CRS)
EU Institutions,2010,13169.44,,OECD DAC Creditor Reporting System (CRS)
EU Institutions,2011,16933.33,,OECD DAC Creditor Reporting System (CRS)
EU Institutions,2012,18180.83,,OECD DAC Creditor Reporting System (CRS)
EU Institutions,2013,15796.52,,OECD DAC Creditor Reporting System (CRS)
EU Institutions,2014,16220.77,,OECD DAC Creditor Reporting System (CRS)
EU Institutions,2015,15900.43,,OECD DAC Creditor Reporting System (CRS)
EU Institutions,2016,19780.76,,OECD DAC Creditor Reporting System (CRS)
EU Institutions,2017,18445.36,,OECD DAC Creditor Reporting System (CRS)
EU Institutions,2018,17297.87,,OECD DAC Creditor Reporting System (CRS)
EU Institutions,2019,16348.09,,OECD DAC Creditor Reporting System (CRS)
EU Institutions,2020,20704.48,,OECD DAC Creditor Reporting System (CRS)
EU Institutions,2021,19054.36,,OECD DAC Creditor Reporting System (CRS)
Finland,2000,669.63,0.31,OECD DAC Creditor Reporting System (CRS)
Finland,2001,699.64,0.32,OECD DAC Creditor Reporting System (CRS)
Finland,2002,782.58,0.35,OECD DAC Creditor Reporting System (CRS)
Finland,2003,787.27,0.35,OECD DAC Creditor Reporting System (CRS)
Finland,2004,866.3,0.37,OECD DAC Creditor Reporting System (CRS)
Finland,2005,1138.24,0.46,OECD DAC Creditor Reporting System (CRS)
Finland,2006,1033.18,0.4,OECD DAC Creditor Reporting System (CRS)
Finland,2007,1084.35,0.39,OECD DAC Creditor Reporting System (CRS)
Finland,2008,1186.49,0.44,OECD DAC Creditor Reporting System (CRS)
Finland,2009,1336.42,0.54,OECD DAC Creditor Reporting System (CRS)
Finland,2010,1446.97,0.55,OECD DAC Creditor Reporting System (CRS)
Finland,2011,1416.81,0.53,OECD DAC Creditor Reporting System (CRS)
Finland,2012,1396.96,0.53,OECD DAC Creditor Reporting System (CRS)
Finland,2013,1434.21,0.54,OECD DAC Creditor Reporting System (CRS)
Finland,2014,1608.2,0.59,OECD DAC Creditor Reporting System (CRS)
Finland,2015,1491.6,0.55,OECD DAC Creditor Reporting System (CRS)
Finland,2016,1229.82,0.44,OECD DAC Creditor Reporting System (CRS)
Finland,2017,1223.93,0.42,OECD DAC Creditor Reporting System (CRS)
Finland,2018,1040.61,0.36,OECD DAC Creditor Reporting System (CRS)
Finland,2019,1242.33,0.42,OECD DAC Creditor Reporting System (CRS)
Finland,2020,1362.22,0.47,OECD DAC Creditor Reporting System (CRS)
Finland,2021,1441.22,0.47,OECD DAC Creditor Reporting System (CRS)
France,2000,7015.4,0.3,OECD DAC Creditor Reporting System (CRS)
France,2001,7237.98,0.31,OECD DAC Creditor Reporting System (CRS)
France,2002,8807.43,0.37,OECD DAC Creditor Reporting System (CRS)
France,2003,9534.76,0.4,OECD DAC Creditor Reporting System (CRS)
France,2004,9966.55,0.41,OECD DAC Creditor Reporting System (CRS)
France,2005,11566.94,0.47,OECD DAC Creditor Reporting System (CRS)
France,2006,11852.18,0.47,OECD DAC Creditor Reporting System (CRS)
France,2007,9880.63,0.38,OECD DAC Creditor Reporting System (CRS)
France,2008,10108.94,0.39,OECD DAC Creditor Reporting System (CRS)
France,2009,12088.98,0.47,OECD DAC Creditor Reporting System (CRS)
France,2010,12888.04,0.5,OECD DAC Creditor Reporting System (CRS)
France,2011,12239.61,0.46,OECD DAC Creditor Reporting System (CRS)
France,2012,12111.84,0.45,OECD DAC Creditor Reporting System (CRS)
France,2013,10969.27,0.41,OECD DAC Creditor Reporting System (CRS)
France,2014,10221.67,0.37,OECD DAC Creditor Reporting System (CRS)
France,2015,10288.3,0.37,OECD DAC Creditor Reporting System (CRS)
France,2016,10928.75,0.38,OECD DAC Creditor Reporting System (CRS)
France,2017,12560.54,0.43,OECD DAC Creditor Reporting System (CRS)
France,2018,12722.69,0.43,OECD DAC Creditor Reporting System (CRS)
France,2019,13326.81,0.44,OECD DAC Creditor Reporting System (CRS)
France,2020,14768.61,0.53,OECD DAC Creditor Reporting System (CRS)
France,2021,15505.62,0.51,OECD DAC Creditor Reporting System (CRS)
Germany,2000,8763.07,0.27,OECD DAC Creditor Reporting System (CRS)
Germany,2001,8830.97,0.27,OECD DAC Creditor Reporting System (CRS)
Germany,2002,8832.83,0.27,OECD DAC Creditor Reporting System (CRS)
Germany,2003,9265.47,0.28,OECD DAC Creditor Reporting System (CRS)
Germany,2004,9254.65,0.28,OECD DAC Creditor Reporting System (CRS)
Germany,2005,12328.39,0.36,OECD DAC Creditor Reporting System (CRS)
Germany,2006,12584.19,0.36,OECD DAC Creditor Reporting System (CRS)
Germany,2007,13355.1,0.37,OECD DAC Creditor Reporting System (CRS)
Germany,2008,14288.06,0.38,OECD DAC Creditor Reporting System (CRS)
Germany,2009,12554.98,0.35,OECD DAC Creditor Reporting System (CRS)
Germany,2010,14100.73,0.39,OECD DAC Creditor Reporting System (CRS)
Germany,2011,14421.76,0.39,OECD DAC Creditor Reporting System (CRS)
Germany,2012,14113.75,0.37,OECD DAC Creditor Reporting System (CRS)
Germany,2013,14735.15,0.38,OECD DAC Creditor Reporting System (CRS)
Germany,2014,16852.7,0.42,OECD DAC Creditor Reporting System (CRS)
Germany,2015,21431.38,0.52,OECD DAC Creditor Reporting System (CRS)
Germany,2016,29252.24,0.7,OECD DAC Creditor Reporting System (CRS)
Germany,2017,28577.21,0.67,OECD DAC Creditor Reporting System (CRS)
Germany,2018,26735.86,0.61,OECD DAC Creditor Reporting System (CRS)
Germany,2019,26758.49,0.61,OECD DAC Creditor Reporting System (CRS)
Germany,2020,30697.05,0.73,OECD DAC Creditor Reporting System (CRS)
Germany,2021,33272.39,0.76,OECD DAC Creditor Reporting System (CRS)
Greece,2000,369.7,0.2,OECD DAC Creditor Reporting System (CRS)
Greece,2001,335.79,0.17,OECD DAC Creditor Reporting System (CRS)
Greece,2002,423.06,0.21,OECD DAC Creditor Reporting System (CRS)
Greece,2003,447.39,0.21,OECD DAC Creditor Reporting System (CRS)
Greece,2004,349.68,0.16,OECD DAC Creditor Reporting System (CRS)
Greece,2005,409.44,0.17,OECD DAC Creditor Reporting System (CRS)
Greece,2006,432.29,0.17,OECD DAC Creditor Reporting System (CRS)
Greece,2007,452.7,0.16,OECD DAC Creditor Reporting System (CRS)
Greece,2008,578.11,0.21,OECD DAC Creditor Reporting System (CRS)
Greece,2009,504.17,0.19,OECD DAC Creditor Reporting System (CRS)
Greece,2010,443.97,0.17,OECD DAC Creditor Reporting System (CRS)
Greece,2011,350.47,0.15,OECD DAC Creditor Reporting System (CRS)
Greece,2012,293.04,0.13,OECD DAC Creditor Reporting System (CRS)
Greece,2013,211.47,0.1,OECD DAC Creditor Reporting System (CRS)
Greece,2014,223.34,0.11,OECD DAC Creditor Reporting System (CRS)
Greece,2015,258.47,0.12,OECD DAC Creditor Reporting System (CRS)
Greece,2016,402.63,0.19,OECD DAC Creditor Reporting System (CRS)
Greece,2017,335.13,0.16,OECD DAC Creditor Reporting System (CRS)
Greece,2018,296.94,0.13,OECD DAC Creditor Reporting System (CRS)
Greece,2019,395.42,0.18,OECD DAC Creditor Reporting System (CRS)
Greece,2020,346.9,0.17,OECD DAC Creditor Reporting System (CRS)
Greece,2021,340.85,0.16,OECD DAC Creditor Reporting System (CRS)
Hungary,2003,31.37,0.03,OECD DAC Creditor Reporting System (CRS)
Hungary,2004,88.99,0.07,OECD DAC Creditor Reporting System (CRS)
Hungary,2005,122.22,0.11,OECD DAC Creditor Reporting System (CRS)
Hungary,2006,185.45,0.13,OECD DAC Creditor Reporting System (CRS)
Hungary,2007,106.25,0.08,OECD DAC Creditor Reporting System (CRS)
Hungary,2008,100.09,0.08,OECD DAC Creditor Reporting System (CRS)
Hungary,2009,120.46,0.1,OECD DAC Creditor Reporting System (CRS)
Hungary,2010,118.45,0.09,OECD DAC Creditor Reporting System (CRS)
Hungary,2011,137.33,0.11,OECD DAC Creditor Reporting System (CRS)
Hungary,2012,126.73,0.1,OECD DAC Creditor Reporting System (CRS)
Hungary,2013,132.73,0.1,OECD DAC Creditor Reporting System (CRS)
Hungary,2014,149.53,0.11,OECD DAC Creditor Reporting System (CRS)
Hungary,2015,188.59,0.13,OECD DAC Creditor Reporting System (CRS)
Hungary,2016,240.08,0.17,OECD DAC Creditor Reporting System (CRS)
Hungary,2017,168.23,0.11,OECD DAC Creditor Reporting System (CRS)
Hungary,2018,302.84,0.21,OECD DAC Creditor Reporting System (CRS)
Hungary,2019,340.42,0.21,OECD DAC Creditor Reporting System (CRS)
Hungary,2020,455.41,0.27,OECD DAC Creditor Reporting System (CRS)
Hungary,2021,435.08,0.28,OECD DAC Creditor Reporting System (CRS)
Iceland,2000,14.06,0.1,OECD DAC Creditor Reporting System (CRS)
Iceland,2001,18.11,0.13,OECD DAC Creditor Reporting System (CRS)
Iceland,2002,20.85,0.15,OECD DAC Creditor Reporting System (CRS)
Iceland,2003,24.26,0.17,OECD DAC Creditor Reporting System (CRS)
Iceland,2004,26.03,0.18,OECD DAC Creditor Reporting System (CRS)
Iceland,2005,29.01,0.18,OECD DAC Creditor Reporting System (CRS)
Iceland,2006,45.2,0.27,OECD DAC Creditor Reporting System (CRS)
Iceland,2007,46.18,0.27,OECD DAC Creditor Reporting System (CRS)
Iceland,2008,58.64,0.36,OECD DAC Creditor Reporting System (CRS)
Iceland,2009,51.04,0.33,OECD DAC Creditor Reporting System (CRS)
Iceland,2010,39.72,0.26,OECD DAC Creditor Reporting System (CRS)
Iceland,2011,32.53,0.2,OECD DAC Creditor Reporting System (CRS)
Iceland,2012,34.63,0.2,OECD DAC Creditor Reporting System (CRS)
Iceland,2013,44.25,0.23,OECD DAC Creditor Reporting System (CRS)
Iceland,2014,43.4,0.22,OECD DAC Creditor Reporting System (CRS)
Iceland,2015,49.39,0.24,OECD DAC Creditor Reporting System (CRS)
Iceland,2016,65.18,0.28,OECD DAC Creditor Reporting System (CRS)
Iceland,2017,66.38,0.28,OECD DAC Creditor Reporting System (CRS)
Iceland,2018,71.25,0.28,OECD DAC Creditor Reporting System (CRS)
Iceland,2019,63.86,0.25,OECD DAC Creditor Reporting System (CRS)
Iceland,2020,64.38,0.27,OECD DAC Creditor Reporting System (CRS)
Iceland,2021,70.84,0.28,OECD DAC Creditor Reporting System (CRS)
Ireland,2000,410.17,0.29,OECD DAC Creditor Reporting System (CRS)
Ireland,2001,484.66,0.33,OECD DAC Creditor Reporting System (CRS)
Ireland,2002,607.25,0.4,OECD DAC Creditor Reporting System (CRS)
Ireland,2003,620.07,0.39,OECD DAC Creditor Reporting System (CRS)
Ireland,2004,674.33,0.39,OECD DAC Creditor Reporting System (CRS)
Ireland,2005,774.39,0.42,OECD DAC Creditor Reporting System (CRS)
Ireland,2006,1056.31,0.54,OECD DAC Creditor Reporting System (CRS)
Ireland,2007,1116.77,0.55,OECD DAC Creditor Reporting System (CRS)
Ireland,2008,1184.1,0.59,OECD DAC Creditor Reporting System (CRS)
Ireland,2009,973.18,0.54,OECD DAC Creditor Reporting System (CRS)
Ireland,2010,935.47,0.52,OECD DAC Creditor Reporting System (CRS)
Ireland,2011,894.33,0.51,OECD DAC Creditor Reporting System (CRS)
Ireland,2012,838.11,0.47,OECD DAC Creditor Reporting System (CRS)
Ireland,2013,843.07,0.46,OECD DAC Creditor Reporting System (CRS)
Ireland,2014,811.89,0.38,OECD DAC Creditor Reporting System (CRS)
Ireland,2015,794.16,0.32,OECD DAC Creditor Reporting System (CRS)
Ireland,2016,889.39,0.32,OECD DAC Creditor Reporting System (CRS)
Ireland,2017,904.9,0.32,OECD DAC Creditor Reporting System (CRS)
Ireland,2018,955.85,0.31,OECD DAC Creditor Reporting System (CRS)
Ireland,2019,1008.91,0.32,OECD DAC Creditor Reporting System (CRS)
Ireland,2020,1018.55,0.31,OECD DAC Creditor Reporting System (CRS)
Ireland,2021,1154.89,0.3,OECD DAC Creditor Reporting System (CRS)
Italy,2000,2519.24,0.13,OECD DAC Creditor Reporting System (CRS)
Italy,2001,2974.31,0.15,OECD DAC Creditor Reporting System (CRS)
Italy,2002,3922.84,0.2,OECD DAC Creditor Reporting System (CRS)
Italy,2003,3309.55,0.17,OECD DAC Creditor Reporting System (CRS)
Italy,2004,2965.71,0.15,OECD DAC Creditor Reporting System (CRS)
Italy,2005,6010.51,0.29,OECD DAC Creditor Reporting System (CRS)
Italy,2006,4168.38,0.2,OECD DAC Creditor Reporting System (CRS)
Italy,2007,4067.01,0.19,OECD DAC Creditor Reporting System (CRS)
Italy,2008,4614.24,0.22,OECD DAC Creditor Reporting System (CRS)
Italy,2009,3188.75,0.16,OECD DAC Creditor Reporting System (CRS)
Italy,2010,3033.09,0.15,OECD DAC Creditor Reporting System (CRS)
Italy,2011,4105.5,0.2,OECD DAC Creditor Reporting System (CRS)
Italy,2012,2767.01,0.14,OECD DAC Creditor Reporting System (CRS)
Italy,2013,3319.21,0.17,OECD DAC Creditor Reporting System (CRS)
Italy,2014,3846.84,0.19,OECD DAC Creditor Reporting System (CRS)
Italy,2015,4552.39,0.22,OECD DAC Creditor Reporting System (CRS)
Italy,2016,5737.44,0.27,OECD DAC Creditor Reporting System (CRS)
Italy,2017,6434.57,0.3,OECD DAC Creditor Reporting System (CRS)
Italy,2018,5386.74,0.25,OECD DAC Creditor Reporting System (CRS)
Italy,2019,4784.0,0.22,OECD DAC Creditor Reporting System (CRS)
Italy,2020,4473.39,0.22,OECD DAC Creditor Reporting System (CRS)
Italy,2021,6085.13,0.29,OECD DAC Creditor Reporting System (CRS)
Japan,2000,12103.91,0.28,OECD DAC Creditor Reporting System (CRS)
Japan,2001,10053.93,0.23,OECD DAC Creditor Reporting System (CRS)
Japan,2002,9903.94,0.23,OECD DAC Creditor Reporting System (CRS)
Japan,2003,8913.53,0.2,OECD DAC Creditor Reporting System (CRS)
Japan,2004,8448.5,0.19,OECD DAC Creditor Reporting System (CRS)
Japan,2005,12811.66,0.28,OECD DAC Creditor Reporting System (CRS)
Japan,2006,11591.28,0.25,OECD DAC Creditor Reporting System (CRS)
Japan,2007,8165.86,0.17,OECD DAC Creditor Reporting System (CRS)
Japan,2008,9031.71,0.19,OECD DAC Creditor Reporting System (CRS)
Japan,2009,8082.11,0.18,OECD DAC Creditor Reporting System (CRS)
Japan,2010,9040.75,0.2,OECD DAC Creditor Reporting System (CRS)
Japan,2011,8367.56,0.18,OECD DAC Creditor Reporting System (CRS)
Japan,2012,8075.93,0.17,OECD DAC Creditor Reporting System (CRS)
Japan,2013,10717.77,0.22,OECD DAC Creditor Reporting System (CRS)
Japan,2014,9453.04,0.2,OECD DAC Creditor Reporting System (CRS)
Japan,2015,10269.66,0.2,OECD DAC Creditor Reporting System (CRS)
Japan,2016,10408.47,0.2,OECD DAC Creditor Reporting System (CRS)
Japan,2017,11818.01,0.23,OECD DAC Creditor Reporting System (CRS)
Japan,2018,14374.83,0.28,OECD DAC Creditor Reporting System (CRS)
Japan,2019,15520.94,0.29,OECD DAC Creditor Reporting System (CRS)
Japan,2020,15717.98,0.31,OECD DAC Creditor Reporting System (CRS)
Japan,2021,17634.14,0.34,OECD DAC Creditor Reporting System (CRS)
Luxembourg,2000,281.52,0.7,OECD DAC Creditor Reporting System (CRS)
Luxembourg,2001,324.78,0.77,OECD DAC Creditor Reporting System (CRS)
Luxembourg,2002,321.35,0.78,OECD DAC Creditor Reporting System (CRS)
Luxembourg,2003,346.43,0.86,OECD DAC Creditor Reporting System (CRS)
Luxembourg,2004,371.53,0.79,OECD DAC Creditor Reporting System (CRS)
Luxembourg,2005,385.55,0.79,OECD DAC Creditor Reporting System (CRS)
Luxembourg,2006,406.64,0.89,OECD DAC Creditor Reporting System (CRS)
Luxembourg,2007,472.6,0.92,OECD DAC Creditor Reporting System (CRS)
Luxembourg,2008,464.81,0.97,OECD DAC Creditor Reporting System (CRS)
Luxembourg,2009,476.98,1.04,OECD DAC Creditor Reporting System (CRS)
Luxembourg,2010,465.16,1.05,OECD DAC Creditor Reporting System (CRS)
Luxembourg,2011,435.36,0.97,OECD DAC Creditor Reporting System (CRS)
Luxembourg,2012,444.95,1.0,OECD DAC Creditor Reporting System (CRS)
Luxembourg,2013,453.11,1.0,OECD DAC Creditor Reporting System (CRS)
Luxembourg,2014,434.87,1.06,OECD DAC Creditor Reporting System (CRS)
Luxembourg,2015,436.15,0.95,OECD DAC Creditor Reporting System (CRS)
Luxembourg,2016,476.94,1.0,OECD DAC Creditor Reporting System (CRS)
Luxembourg,2017,496.76,1.0,OECD DAC Creditor Reporting System (CRS)
Luxembourg,2018,520.35,0.98,OECD DAC Creditor Reporting System (CRS)
Luxembourg,2019,543.41,1.03,OECD DAC Creditor Reporting System (CRS)
Luxembourg,2020,491.09,1.03,OECD DAC Creditor Reporting System (CRS)
Luxembourg,2021,539.37,0.99,OECD DAC Creditor Reporting System (CRS)
Netherlands,2000,5811.61,0.84,OECD DAC Creditor Reporting System (CRS)
Netherlands,2001,5810.42,0.82,OECD DAC Creditor Reporting System (CRS)
Netherlands,2002,5599.75,0.81,OECD DAC Creditor Reporting System (CRS)
Netherlands,2003,5441.33,0.8,OECD DAC Creditor Reporting System (CRS)
Netherlands,2004,5168.84,0.73,OECD DAC Creditor Reporting System (CRS)
Netherlands,2005,6163.76,0.82,OECD DAC Creditor Reporting System (CRS)
Netherlands,2006,6348.07,0.81,OECD DAC Creditor Reporting System (CRS)
Netherlands,2007,6510.05,0.81,OECD DAC Creditor Reporting System (CRS)
Netherlands,2008,6786.3,0.8,OECD DAC Creditor Reporting System (CRS)
Netherlands,2009,6445.42,0.82,OECD DAC Creditor Reporting System (CRS)
Netherlands,2010,6642.26,0.81,OECD DAC Creditor Reporting System (CRS)
Netherlands,2011,6300.49,0.75,OECD DAC Creditor Reporting System (CRS)
Netherlands,2012,5849.23,0.71,OECD DAC Creditor Reporting System (CRS)
Netherlands,2013,5502.58,0.67,OECD DAC Creditor Reporting System (CRS)
Netherlands,2014,5632.11,0.64,OECD DAC Creditor Reporting System (CRS)
Netherlands,2015,6865.94,0.75,OECD DAC Creditor Reporting System (CRS)
Netherlands,2016,5945.48,0.65,OECD DAC Creditor Reporting System (CRS)
Netherlands,2017,5750.93,0.6,OECD DAC Creditor Reporting System (CRS)
Netherlands,2018,6119.13,0.62,OECD DAC Creditor Reporting System (CRS)
Netherlands,2019,5855.93,0.59,OECD DAC Creditor Reporting System (CRS)
Netherlands,2020,5694.94,0.59,OECD DAC Creditor Reporting System (CRS)
Netherlands,2021,5287.54,0.52,OECD DAC Creditor Reporting System (CRS)
New Zealand,2000,286.78,0.25,OECD DAC Creditor Reporting System (CRS)
New Zealand,2001,292.84,0.25,OECD DAC Creditor Reporting System (CRS)
New Zealand,2002,288.29,0.22,OECD DAC Creditor Reporting System (CRS)
New Zealand,2003,307.8,0.23,OECD DAC Creditor Reporting System (CRS)
New Zealand,2004,334.07,0.23,OECD DAC Creditor Reporting System (CRS)
New Zealand,2005,395.83,0.27,OECD DAC Creditor Reporting System (CRS)
New Zealand,2006,396.89,0.27,OECD DAC Creditor Reporting System (CRS)
New Zealand,2007,415.11,0.27,OECD DAC Creditor Reporting System (CRS)
New Zealand,2008,461.73,0.3,OECD DAC Creditor Reporting System (CRS)
New Zealand,2009,449.99,0.28,OECD DAC Creditor Reporting System (CRS)
New Zealand,2010,419.9,0.26,OECD DAC Creditor Reporting System (CRS)
New Zealand,2011,461.79,0.28,OECD DAC Creditor Reporting System (CRS)
New Zealand,2012,478.27,0.28,OECD DAC Creditor Reporting System (CRS)
New Zealand,2013,465.93,0.26,OECD DAC Creditor Reporting System (CRS)
New Zealand,2014,498.37,0.27,OECD DAC Creditor Reporting System (CRS)
New Zealand,2015,516.17,0.27,OECD DAC Creditor Reporting System (CRS)
New Zealand,2016,513.62,0.25,OECD DAC Creditor Reporting System (CRS)
New Zealand,2017,490.19,0.23,OECD DAC Creditor Reporting System (CRS)
New Zealand,2018,614.94,0.28,OECD DAC Creditor Reporting System (CRS)
New Zealand,2019,629.98,0.28,OECD DAC Creditor Reporting System (CRS)
New Zealand,2020,598.44,0.26,OECD DAC Creditor Reporting System (CRS)
New Zealand,2021,685.26,0.28,OECD DAC Creditor Reporting System (CRS)
Norway,2000,2527.12,0.76,OECD DAC Creditor Reporting System (CRS)
Norway,2001,2706.43,0.8,OECD DAC Creditor Reporting System (CRS)
Norway,2002,3078.76,0.89,OECD DAC Creditor Reporting System (CRS)
Norway,2003,3197.54,0.92,OECD DAC Creditor Reporting System (CRS)
Norway,2004,3093.57,0.87,OECD DAC Creditor Reporting System (CRS)
Norway,2005,3454.91,0.94,OECD DAC Creditor Reporting System (CRS)
Norway,2006,3335.11,0.89,OECD DAC Creditor Reporting System (CRS)
Norway,2007,3751.71,0.95,OECD DAC Creditor Reporting System (CRS)
Norway,2008,3550.58,0.89,OECD DAC Creditor Reporting System (CRS)
Norway,2009,4198.36,1.06,OECD DAC Creditor Reporting System (CRS)
Norway,2010,4085.57,1.05,OECD DAC Creditor Reporting System (CRS)
Norway,2011,3861.62,0.96,OECD DAC Creditor Reporting System (CRS)
Norway,2012,3874.93,0.93,OECD DAC Creditor Reporting System (CRS)
Norway,2013,4484.82,1.07,OECD DAC Creditor Reporting System (CRS)
Norway,2014,4368.99,1.0,OECD DAC Creditor Reporting System (CRS)
Norway,2015,4840.08,1.05,OECD DAC Creditor Reporting System (CRS)
Norway,2016,5239.96,1.12,OECD DAC Creditor Reporting System (CRS)
Norway,2017,4674.2,0.99,OECD DAC Creditor Reporting System (CRS)
Norway,2018,4448.92,0.94,OECD DAC Creditor Reporting System (CRS)
Norway,2019,4880.57,1.03,OECD DAC Creditor Reporting System (CRS)
Norway,2020,5288.24,1.11,OECD DAC Creditor Reporting System (CRS)
Norway,2021,4672.97,0.93,OECD DAC Creditor Reporting System (CRS)
Poland,2000,53.51,0.02,OECD DAC Creditor Reporting System (CRS)
Poland,2001,60.05,0.02,OECD DAC Creditor Reporting System (CRS)
Poland,2002,23.48,,OECD DAC Creditor Reporting System (CRS)
Poland,2003,42.25,0.01,OECD DAC Creditor Reporting System (CRS)
Poland,2004,163.73,0.05,OECD DAC Creditor Reporting System (CRS)
Poland,2005,246.44,0.07,OECD DAC Creditor Reporting System (CRS)
Poland,2006,340.22,0.09,OECD DAC Creditor Reporting System (CRS)
Poland,2007,353.91,0.1,OECD DAC Creditor Reporting System (CRS)
Poland,2008,309.08,0.08,OECD DAC Creditor Reporting System (CRS)
Poland,2009,381.22,0.09,OECD DAC Creditor Reporting System (CRS)
Poland,2010,366.39,0.08,OECD DAC Creditor Reporting System (CRS)
Poland,2011,385.26,0.08,OECD DAC Creditor Reporting System (CRS)
Poland,2012,416.73,0.09,OECD DAC Creditor Reporting System (CRS)
Poland,2013,467.04,0.1,OECD DAC Creditor Reporting System (CRS)
Poland,2014,430.24,0.09,OECD DAC Creditor Reporting System (CRS)
Poland,2015,496.95,0.1,OECD DAC Creditor Reporting System (CRS)
Poland,2016,779.3,0.15,OECD DAC Creditor Reporting System (CRS)
Poland,2017,751.37,0.13,OECD DAC Creditor Reporting System (CRS)
Poland,2018,799.87,0.14,OECD DAC Creditor Reporting System (CRS)
Poland,2019,835.37,0.14,OECD DAC Creditor Reporting System (CRS)
Poland,2020,870.24,0.14,OECD DAC Creditor Reporting System (CRS)
Poland,2021,983.51,0.15,OECD DAC Creditor Reporting System (CRS)
Portugal,2000,518.53,0.26,OECD DAC Creditor Reporting System (CRS)
Portugal,2001,510.36,0.25,OECD DAC Creditor Reporting System (CRS)
Portugal,2002,559.35,0.27,OECD DAC Creditor Reporting System (CRS)
Portugal,2003,446.93,0.22,OECD DAC Creditor Reporting System (CRS)
Portugal,2004,1280.49,0.63,OECD DAC Creditor Reporting System (CRS)
Portugal,2005,453.05,0.21,OECD DAC Creditor Reporting System (CRS)
Portugal,2006,456.94,0.21,OECD DAC Creditor Reporting System (CRS)
Portugal,2007,483.05,0.22,OECD DAC Creditor Reporting System (CRS)
Portugal,2008,593.9,0.27,OECD DAC Creditor Reporting System (CRS)
Portugal,2009,503.04,0.23,OECD DAC Creditor Reporting System (CRS)
Portugal,2010,665.19,0.29,OECD DAC Creditor Reporting System (CRS)
Portugal,2011,692.99,0.31,OECD DAC Creditor Reporting System (CRS)
Portugal,2012,617.46,0.28,OECD DAC Creditor Reporting System (CRS)
Portugal,2013,491.56,0.23,OECD DAC Creditor Reporting System (CRS)
Portugal,2014,430.36,0.19,OECD DAC Creditor Reporting System (CRS)
Portugal,2015,361.24,0.16,OECD DAC Creditor Reporting System (CRS)
Portugal,2016,396.75,0.17,OECD DAC Creditor Reporting System (CRS)
Portugal,2017,425.5,0.18,OECD DAC Creditor Reporting System (CRS)
Portugal,2018,431.36,0.18,OECD DAC Creditor Reporting System (CRS)
Portugal,2019,445.92,0.17,OECD DAC Creditor Reporting System (CRS)
Portugal,2020,432.31,0.18,OECD DAC Creditor Reporting System (CRS)
Portugal,2021,450.75,0.18,OECD DAC Creditor Reporting System (CRS)
Slovakia,2000,16.03,0.03,OECD DAC Creditor Reporting System (CRS)
Slovakia,2001,22.51,0.04,OECD DAC Creditor Reporting System (CRS)
Slovakia,2002,16.38,0.02,OECD DAC Creditor Reporting System (CRS)
Slovakia,2003,28.48,0.05,OECD DAC Creditor Reporting System (CRS)
Slovakia,2004,44.17,0.07,OECD DAC Creditor Reporting System (CRS)
Slovakia,2005,83.64,,OECD DAC Creditor Reporting System (CRS)
Slovakia,2006,75.3,0.1,OECD DAC Creditor Reporting System (CRS)
Slovakia,2007,75.6,0.09,OECD DAC Creditor Reporting System (CRS)
Slovakia,2008,88.18,0.1,OECD DAC Creditor Reporting System (CRS)
Slovakia,2009,73.11,0.09,OECD DAC Creditor Reporting System (CRS)
Slovakia,2010,74.75,0.09,OECD DAC Creditor Reporting System (CRS)
Slovakia,2011,81.72,0.09,OECD DAC Creditor Reporting System (CRS)
Slovakia,2012,80.87,0.09,OECD DAC Creditor Reporting System (CRS)
Slovakia,2013,84.11,0.09,OECD DAC Creditor Reporting System (CRS)
Slovakia,2014,81.55,0.09,OECD DAC Creditor Reporting System (CRS)
Slovakia,2015,99.75,0.1,OECD DAC Creditor Reporting System (CRS)
Slovakia,2016,125.57,0.12,OECD DAC Creditor Reporting System (CRS)
Slovakia,2017,136.85,0.13,OECD DAC Creditor Reporting System (CRS)
Slovakia,2018,148.03,0.13,OECD DAC Creditor Reporting System (CRS)
Slovakia,2019,127.98,0.11,OECD DAC Creditor Reporting System (CRS)
Slovakia,2020,149.78,0.14,OECD DAC Creditor Reporting System (CRS)
Slovakia,2021,155.28,0.14,OECD DAC Creditor Reporting System (CRS)
Slovenia,2005,43.53,0.11,OECD DAC Creditor Reporting System (CRS)
Slovenia,2006,53.55,0.12,OECD DAC Creditor Reporting System (CRS)
Slovenia,2007,57.97,0.12,OECD DAC Creditor Reporting System (CRS)
Slovenia,2008,65.75,0.13,OECD DAC Creditor Reporting System (CRS)
Slovenia,2009,69.41,0.15,OECD DAC Creditor Reporting System (CRS)
Slovenia,2010,60.66,0.13,OECD DAC Creditor Reporting System (CRS)
Slovenia,2011,61.26,0.13,OECD DAC Creditor Reporting System (CRS)
Slovenia,2012,61.41,0.13,OECD DAC Creditor Reporting System (CRS)
Slovenia,2013,61.62,0.13,OECD DAC Creditor Reporting System (CRS)
Slovenia,2014,61.37,0.12,OECD DAC Creditor Reporting System (CRS)
Slovenia,2015,74.74,0.15,OECD DAC Creditor Reporting System (CRS)
Slovenia,2016,95.47,0.19,OECD DAC Creditor Reporting System (CRS)
Slovenia,2017,86.05,0.16,OECD DAC Creditor Reporting System (CRS)
Slovenia,2018,88.68,0.16,OECD DAC Creditor Reporting System (CRS)
Slovenia,2019,96.12,0.17,OECD DAC Creditor Reporting System (CRS)
Slovenia,2020,96.46,0.17,OECD DAC Creditor Reporting System (CRS)
Slovenia,2021,116.19,0.19,OECD DAC Creditor Reporting System (CRS)
South Korea,2000,311.68,0.04,OECD DAC Creditor Reporting System (CRS)
South Korea,2001,429.0,0.06,OECD DAC Creditor Reporting System (CRS)
South Korea,2002,425.23,0.05,OECD DAC Creditor Reporting System (CRS)
South Korea,2003,513.56,0.06,OECD DAC Creditor Reporting System (CRS)
South Korea,2004,554.08,0.06,OECD DAC Creditor Reporting System (CRS)
South Korea,2005,871.55,0.1,OECD DAC Creditor Reporting System (CRS)
South Korea,2006,491.21,0.05,OECD DAC Creditor Reporting System (CRS)
South Korea,2007,716.16,0.07,OECD DAC Creditor Reporting System (CRS)
South Korea,2008,958.82,0.09,OECD DAC Creditor Reporting System (CRS)
South Korea,2009,1080.13,0.1,OECD DAC Creditor Reporting System (CRS)
South Korea,2010,1371.57,0.12,OECD DAC Creditor Reporting System (CRS)
South Korea,2011,1464.44,0.12,OECD DAC Creditor Reporting System (CRS)
South Korea,2012,1773.76,0.14,OECD DAC Creditor Reporting System (CRS)
South Korea,2013,1875.81,0.13,OECD DAC Creditor Reporting System (CRS)
South Korea,2014,1891.53,0.13,OECD DAC Creditor Reporting System (CRS)
South Korea,2015,2031.6,0.14,OECD DAC Creditor Reporting System (CRS)
South Korea,2016,2396.42,0.16,OECD DAC Creditor Reporting System (CRS)
South Korea,2017,2238.28,0.14,OECD DAC Creditor Reporting System (CRS)
South Korea,2018,2322.03,0.14,OECD DAC Creditor Reporting System (CRS)
South Korea,2019,2590.64,0.15,OECD DAC Creditor Reporting System (CRS)
South Korea,2020,2365.45,0.14,OECD DAC Creditor Reporting System (CRS)
South Korea,2021,2872.51,0.16,OECD DAC Creditor Reporting System (CRS)
Spain,2000,2217.15,0.22,OECD DAC Creditor Reporting System (CRS)
Spain,2001,3186.06,0.3,OECD DAC Creditor Reporting System (CRS)
Spain,2002,2867.06,0.26,OECD DAC Creditor Reporting System (CRS)
Spain,2003,2635.75,0.23,OECD DAC Creditor Reporting System (CRS)
Spain,2004,2867.05,0.24,OECD DAC Creditor Reporting System (CRS)
Spain,2005,3409.74,0.27,OECD DAC Creditor Reporting System (CRS)
Spain,2006,4102.93,0.32,OECD DAC Creditor Reporting System (CRS)
Spain,2007,4902.52,0.37,OECD DAC Creditor Reporting System (CRS)
Spain,2008,6079.53,0.45,OECD DAC Creditor Reporting System (CRS)
Spain,2009,6028.85,0.46,OECD DAC Creditor Reporting System (CRS)
Spain,2010,5718.98,0.43,OECD DAC Creditor Reporting System (CRS)
Spain,2011,3821.88,0.29,OECD DAC Creditor Reporting System (CRS)
Spain,2012,2020.76,0.16,OECD DAC Creditor Reporting System (CRS)
Spain,2013,2245.9,0.17,OECD DAC Creditor Reporting System (CRS)
Spain,2014,1800.32,0.13,OECD DAC Creditor Reporting System (CRS)
Spain,2015,1593.72,0.12,OECD DAC Creditor Reporting System (CRS)
Spain,2016,4818.79,0.34,OECD DAC Creditor Reporting System (CRS)
Spain,2017,2828.75,0.19,OECD DAC Creditor Reporting System (CRS)
Spain,2018,3012.61,0.2,OECD DAC Creditor Reporting System (CRS)
Spain,2019,3193.21,0.21,OECD DAC Creditor Reporting System (CRS)
Spain,2020,3148.23,0.23,OECD DAC Creditor Reporting System (CRS)
Spain,2021,3645.03,0.26,OECD DAC Creditor Reporting System (CRS)
Sweden,2000,2796.01,0.8,OECD DAC Creditor Reporting System (CRS)
Sweden,2001,2852.54,0.77,OECD DAC Creditor Reporting System (CRS)
Sweden,2002,3190.42,0.84,OECD DAC Creditor Reporting System (CRS)
Sweden,2003,3110.97,0.79,OECD DAC Creditor Reporting System (CRS)
Sweden,2004,3193.35,0.78,OECD DAC Creditor Reporting System (CRS)
Sweden,2005,3984.45,0.94,OECD DAC Creditor Reporting System (CRS)
Sweden,2006,4548.02,1.02,OECD DAC Creditor Reporting System (CRS)
Sweden,2007,4449.28,0.93,OECD DAC Creditor Reporting System (CRS)
Sweden,2008,4644.43,0.98,OECD DAC Creditor Reporting System (CRS)
Sweden,2009,4984.91,1.12,OECD DAC Creditor Reporting System (CRS)
Sweden,2010,4641.17,0.97,OECD DAC Creditor Reporting System (CRS)
Sweden,2011,5112.8,1.02,OECD DAC Creditor Reporting System (CRS)
Sweden,2012,4941.8,0.97,OECD DAC Creditor Reporting System (CRS)
Sweden,2013,5238.96,1.01,OECD DAC Creditor Reporting System (CRS)
Sweden,2014,5802.2,1.09,OECD DAC Creditor Reporting System (CRS)
Sweden,2015,7936.08,1.4,OECD DAC Creditor Reporting System (CRS)
Sweden,2016,5475.21,0.94,OECD DAC Creditor Reporting System (CRS)
Sweden,2017,6091.37,1.02,OECD DAC Creditor Reporting System (CRS)
Sweden,2018,6526.42,1.07,OECD DAC Creditor Reporting System (CRS)
Sweden,2019,6007.2,0.96,OECD DAC Creditor Reporting System (CRS)
Sweden,2020,7026.7,1.14,OECD DAC Creditor Reporting System (CRS)
Sweden,2021,5934.17,0.91,OECD DAC Creditor Reporting System (CRS)
Switzerland,2000,1786.1,0.32,OECD DAC Creditor Reporting System (CRS)
Switzerland,2001,1803.08,0.33,OECD DAC Creditor Reporting System (CRS)
Switzerland,2002,1724.91,0.32,OECD DAC Creditor Reporting System (CRS)
Switzerland,2003,2039.06,0.36,OECD DAC Creditor Reporting System (CRS)
Switzerland,2004,2233.62,0.39,OECD DAC Creditor Reporting System (CRS)
Switzerland,2005,2542.1,0.42,OECD DAC Creditor Reporting System (CRS)
Switzerland,2006,2326.47,0.38,OECD DAC Creditor Reporting System (CRS)
Switzerland,2007,2226.6,0.37,OECD DAC Creditor Reporting System (CRS)
Switzerland,2008,2426.04,0.42,OECD DAC Creditor Reporting System (CRS)
Switzerland,2009,2707.22,0.44,OECD DAC Creditor Reporting System (CRS)
Switzerland,2010,2584.21,0.39,OECD DAC Creditor Reporting System (CRS)
Switzerland,2011,2916.78,0.46,OECD DAC Creditor Reporting System (CRS)
Switzerland,2012,3084.21,0.47,OECD DAC Creditor Reporting System (CRS)
Switzerland,2013,3197.88,0.46,OECD DAC Creditor Reporting System (CRS)
Switzerland,2014,3495.38,0.49,OECD DAC Creditor Reporting System (CRS)
Switzerland,2015,3729.22,0.51,OECD DAC Creditor Reporting System (CRS)
Switzerland,2016,3896.95,0.53,OECD DAC Creditor Reporting System (CRS)
Switzerland,2017,3434.78,0.45,OECD DAC Creditor Reporting System (CRS)
Switzerland,2018,3335.92,0.44,OECD DAC Creditor Reporting System (CRS)
Switzerland,2019,3392.15,0.44,OECD DAC Creditor Reporting System (CRS)
Switzerland,2020,3704.75,0.49,OECD DAC Creditor Reporting System (CRS)
Switzerland,2021,3912.02,0.5,OECD DAC Creditor Reporting System (CRS)
United Kingdom,2000,6486.9,0.32,OECD DAC Creditor Reporting System (CRS)
United Kingdom,2001,6790.9,0.32,OECD DAC Creditor Reporting System (CRS)
United Kingdom,2002,6894.73,0.31,OECD DAC Creditor Reporting System (CRS)
United Kingdom,2003,7833.06,0.34,OECD DAC Creditor Reporting System (CRS)
United Kingdom,2004,8590.2,0.36,OECD DAC Creditor Reporting System (CRS)
United Kingdom,2005,11442.21,0.47,OECD DAC Creditor Reporting System (CRS)
United Kingdom,2006,12710.69,0.51,OECD DAC Creditor Reporting System (CRS)
United Kingdom,2007,8988.35,0.36,OECD DAC Creditor Reporting System (CRS)
United Kingdom,2008,11245.72,0.43,OECD DAC Creditor Reporting System (CRS)
United Kingdom,2009,12564.15,0.51,OECD DAC Creditor Reporting System (CRS)
United Kingdom,2010,14501.69,0.57,OECD DAC Creditor Reporting System (CRS)
United Kingdom,2011,14505.41,0.56,OECD DAC Creditor Reporting System (CRS)
United Kingdom,2012,14503.49,0.56,OECD DAC Creditor Reporting System (CRS)
United Kingdom,2013,18496.53,0.7,OECD DAC Creditor Reporting System (CRS)
United Kingdom,2014,18637.01,0.7,OECD DAC Creditor Reporting System (CRS)
United Kingdom,2015,19243.7,0.7,OECD DAC Creditor Reporting System (CRS)
United Kingdom,2016,20802.95,0.7,OECD DAC Creditor Reporting System (CRS)
United Kingdom,2017,21460.49,0.7,OECD DAC Creditor Reporting System (CRS)
United Kingdom,2018,21775.02,0.7,OECD DAC Creditor Reporting System (CRS)
United Kingdom,2019,22031.76,0.7,OECD DAC Creditor Reporting System (CRS)
United Kingdom,2020,20073.72,0.7,OECD DAC Creditor Reporting System (CRS)
United Kingdom,2021,15712.01,0.5,OECD DAC Creditor Reporting System (CRS)
United States,2000,15078.6,0.1,OECD DAC Creditor Reporting System (CRS)
United States,2001,16929.86,0.11,OECD DAC Creditor Reporting System (CRS)
United States,2002,19384.58,0.13,OECD DAC Creditor Reporting System (CRS)
United States,2003,23343.61,0.15,OECD DAC Creditor Reporting System (CRS)
United States,2004,27447.99,0.17,OECD DAC Creditor Reporting System (CRS)
United States,2005,37729.25,0.23,OECD DAC Creditor Reporting System (CRS)
United States,2006,30833.52,0.18,OECD DAC Creditor Reporting System (CRS)
United States,2007,27792.96,0.16,OECD DAC Creditor Reporting System (CRS)
United States,2008,33091.48,0.18,OECD DAC Creditor Reporting System (CRS)
United States,2009,35859.88,0.21,OECD DAC Creditor Reporting System (CRS)
United States,2010,36446.31,0.2,OECD DAC Creditor Reporting System (CRS)
United States,2011,37281.74,0.2,OECD DAC Creditor Reporting System (CRS)
United States,2012,36227.85,0.19,OECD DAC Creditor Reporting System (CRS)
United States,2013,36314.36,0.18,OECD DAC Creditor Reporting System (CRS)
United States,2014,37732.87,0.19,OECD DAC Creditor Reporting System (CRS)
United States,2015,34980.29,0.17,OECD DAC Creditor Reporting System (CRS)
United States,2016,38472.09,0.19,OECD DAC Creditor Reporting System (CRS)
United States,2017,38095.84,0.18,OECD DAC Creditor Reporting System (CRS)
United States,2018,36585.16,0.16,OECD DAC Creditor Reporting System (CRS)
United States,2019,35247.67,0.15,OECD DAC Creditor Reporting System (CRS)
United States,2020,36996.99,0.17,OECD DAC Creditor Reporting System (CRS)
United States,2021,47804.8,0.2,OECD DAC Creditor Reporting System (CRS)
